#pragma once
/*
    #version:1# (machine generated, don't edit!)

    Generated by sokol-shdc (https://github.com/floooh/sokol-tools)

    Cmdline:
        sokol-shdc --input luna/shaders/sokol_shader.glsl --output luna/shaders/sokol_shader.h --slang glsl410:hlsl5:metal_macos:glsl300es

    Overview:
    =========
    Shader program: 'simple':
        Get shader desc: simple_shader_desc(sg_query_backend());
        Vertex Shader: vs
        Fragment Shader: fs
        Attributes:
            ATTR_simple_pos => 0
            ATTR_simple_texcoord0 => 1
    Bindings:
        Uniform block 's_colors':
            C struct: s_colors_t
            Bind slot: UB_s_colors => 3
        Uniform block 's_buffer_params':
            C struct: s_buffer_params_t
            Bind slot: UB_s_buffer_params => 4
        Uniform block 's_params':
            C struct: s_params_t
            Bind slot: UB_s_params => 2
        Image 'tex':
            Image type: SG_IMAGETYPE_2D
            Sample type: SG_IMAGESAMPLETYPE_FLOAT
            Multisampled: false
            Bind slot: IMG_tex => 0
        Image 'tex_debug':
            Image type: SG_IMAGETYPE_2D
            Sample type: SG_IMAGESAMPLETYPE_FLOAT
            Multisampled: false
            Bind slot: IMG_tex_debug => 1
        Sampler 'smp':
            Type: SG_SAMPLERTYPE_FILTERING
            Bind slot: SMP_smp => 0
*/
#if !defined(SOKOL_GFX_INCLUDED)
#error "Please include sokol_gfx.h before sokol_shader.h"
#endif
#if !defined(SOKOL_SHDC_ALIGN)
#if defined(_MSC_VER)
#define SOKOL_SHDC_ALIGN(a) __declspec(align(a))
#else
#define SOKOL_SHDC_ALIGN(a) __attribute__((aligned(a)))
#endif
#endif
#define ATTR_simple_pos (0)
#define ATTR_simple_texcoord0 (1)
#define UB_s_colors (3)
#define UB_s_buffer_params (4)
#define UB_s_params (2)
#define IMG_tex (0)
#define IMG_tex_debug (1)
#define SMP_smp (0)
#pragma pack(push,1)
SOKOL_SHDC_ALIGN(16) typedef struct s_colors_t {
    v4 app_colors[256];
    v4 dbg_colors[256];
} s_colors_t;
#pragma pack(pop)
#pragma pack(push,1)
SOKOL_SHDC_ALIGN(16) typedef struct s_buffer_params_t {
    v2 offset;
    v2 size;
    v2 app_size;
    v2 win_size;
    v2 scale;
    uint8_t _pad_40[8];
} s_buffer_params_t;
#pragma pack(pop)
#pragma pack(push,1)
SOKOL_SHDC_ALIGN(16) typedef struct s_params_t {
    int filter_mode;
    float time;
    uint8_t _pad_8[8];
} s_params_t;
#pragma pack(pop)
/*
    #version 410

    layout(location = 0) in vec4 pos;
    layout(location = 0) out vec2 uv;
    layout(location = 1) in vec2 texcoord0;

    void main()
    {
        gl_Position = pos;
        uv = texcoord0;
    }

*/
static const uint8_t vs_source_glsl410[184] = {
    0x23,0x76,0x65,0x72,0x73,0x69,0x6f,0x6e,0x20,0x34,0x31,0x30,0x0a,0x0a,0x6c,0x61,
    0x79,0x6f,0x75,0x74,0x28,0x6c,0x6f,0x63,0x61,0x74,0x69,0x6f,0x6e,0x20,0x3d,0x20,
    0x30,0x29,0x20,0x69,0x6e,0x20,0x76,0x65,0x63,0x34,0x20,0x70,0x6f,0x73,0x3b,0x0a,
    0x6c,0x61,0x79,0x6f,0x75,0x74,0x28,0x6c,0x6f,0x63,0x61,0x74,0x69,0x6f,0x6e,0x20,
    0x3d,0x20,0x30,0x29,0x20,0x6f,0x75,0x74,0x20,0x76,0x65,0x63,0x32,0x20,0x75,0x76,
    0x3b,0x0a,0x6c,0x61,0x79,0x6f,0x75,0x74,0x28,0x6c,0x6f,0x63,0x61,0x74,0x69,0x6f,
    0x6e,0x20,0x3d,0x20,0x31,0x29,0x20,0x69,0x6e,0x20,0x76,0x65,0x63,0x32,0x20,0x74,
    0x65,0x78,0x63,0x6f,0x6f,0x72,0x64,0x30,0x3b,0x0a,0x0a,0x76,0x6f,0x69,0x64,0x20,
    0x6d,0x61,0x69,0x6e,0x28,0x29,0x0a,0x7b,0x0a,0x20,0x20,0x20,0x20,0x67,0x6c,0x5f,
    0x50,0x6f,0x73,0x69,0x74,0x69,0x6f,0x6e,0x20,0x3d,0x20,0x70,0x6f,0x73,0x3b,0x0a,
    0x20,0x20,0x20,0x20,0x75,0x76,0x20,0x3d,0x20,0x74,0x65,0x78,0x63,0x6f,0x6f,0x72,
    0x64,0x30,0x3b,0x0a,0x7d,0x0a,0x0a,0x00,
};
/*
    #version 410

    uniform vec4 s_colors[512];
    uniform vec4 s_buffer_params[3];
    struct s_params
    {
        int filter_mode;
        float time;
    };

    uniform s_params _144;

    uniform sampler2D tex_debug_smp;
    uniform sampler2D tex_smp;

    layout(location = 0) in vec2 uv;
    layout(location = 0) out vec4 frag_color;

    bool integer_scale()
    {
        bool _122 = all(greaterThanEqual(s_buffer_params[2].xy, vec2(1.0)));
        bool _132;
        if (_122)
        {
            _132 = all(equal(s_buffer_params[2].xy, floor(s_buffer_params[2].xy)));
        }
        else
        {
            _132 = _122;
        }
        return _132;
    }

    vec2 uv_iq(vec2 uv_1, ivec2 texture_size)
    {
        vec2 _34 = uv_1 * vec2(texture_size);
        vec2 _40 = floor(_34 + vec2(0.5));
        return (_40 + clamp((_34 - _40) / fwidth(_34), vec2(-0.5), vec2(0.5))) / vec2(texture_size);
    }

    vec3 palette_color(inout ivec2 pos)
    {
        pos = clamp(pos, ivec2(0), textureSize(tex_smp, 0) - ivec2(1));
        return s_colors[int((texelFetch(tex_smp, pos, 0).x * 255.0) + 0.5) * 1 + 0].xyz;
    }

    vec3 sample_palette(vec2 sample_uv)
    {
        vec2 _141 = vec2(textureSize(tex_smp, 0));
        bool _148 = _144.filter_mode == 1;
        bool _153;
        if (!_148)
        {
            _153 = integer_scale();
        }
        else
        {
            _153 = _148;
        }
        if (_153)
        {
            ivec2 param = ivec2(floor(sample_uv * _141));
            vec3 _162 = palette_color(param);
            return _162;
        }
        if (_144.filter_mode == 2)
        {
            float _177 = max(1.0, floor(s_buffer_params[2].x + 0.5));
            vec2 _185 = ((sample_uv * _141) * _177) - vec2(0.5);
            vec2 _188 = floor(_185);
            vec2 _191 = fract(_185);
            vec2 _195 = vec2(_177);
            ivec2 _198 = ivec2(floor(_188 / _195));
            ivec2 _207 = ivec2(floor((_188 + vec2(1.0)) / _195));
            ivec2 param_1 = _198;
            vec3 _212 = palette_color(param_1);
            ivec2 param_2 = ivec2(_207.x, _198.y);
            vec3 _220 = palette_color(param_2);
            vec3 _223 = vec3(_191.x);
            ivec2 param_3 = ivec2(_198.x, _207.y);
            vec3 _232 = palette_color(param_3);
            ivec2 param_4 = _207;
            vec3 _235 = palette_color(param_4);
            return mix(mix(_212, _220, _223), mix(_232, _235, _223), vec3(_191.y));
        }
        vec2 _252 = (sample_uv * _141) - vec2(0.5);
        ivec2 _256 = ivec2(floor(_252));
        vec2 _259 = fract(_252);
        ivec2 param_5 = _256;
        vec3 _263 = palette_color(param_5);
        ivec2 param_6 = _256 + ivec2(1, 0);
        vec3 _268 = palette_color(param_6);
        vec3 _271 = vec3(_259.x);
        ivec2 param_7 = _256 + ivec2(0, 1);
        vec3 _278 = palette_color(param_7);
        ivec2 param_8 = _256 + ivec2(1);
        vec3 _283 = palette_color(param_8);
        return mix(mix(_263, _268, _271), mix(_278, _283, _271), vec3(_259.y));
    }

    void main()
    {
        vec2 _308 = (uv * s_buffer_params[1].zw) - s_buffer_params[0].xy;
        float _310 = _308.x;
        bool _312 = _310 < 0.0;
        bool _319;
        if (!_312)
        {
            _319 = _308.y < 0.0;
        }
        else
        {
            _319 = _312;
        }
        bool _328;
        if (!_319)
        {
            _328 = _310 >= s_buffer_params[0].z;
        }
        else
        {
            _328 = _319;
        }
        bool _337;
        if (!_328)
        {
            _337 = _308.y >= s_buffer_params[0].w;
        }
        else
        {
            _337 = _328;
        }
        if (_337)
        {
            frag_color = vec4(s_colors[0].xyz, 1.0);
            return;
        }
        vec2 _354 = _308 / s_buffer_params[0].zw;
        _354.y = 1.0 - _354.y;
        vec2 tex_uv = _354;
        ivec2 _365 = textureSize(tex_debug_smp, 0);
        int _386 = int((texelFetch(tex_debug_smp, clamp(ivec2(_354 * vec2(_365)), ivec2(0), _365 - ivec2(1)), 0).x * 255.0) + 0.5);
        bool _394 = _144.filter_mode == 3;
        bool _399;
        if (_394)
        {
            _399 = !integer_scale();
        }
        else
        {
            _399 = _394;
        }
        if (_399)
        {
            vec2 param = tex_uv;
            ivec2 param_1 = ivec2(s_buffer_params[1].xy);
            tex_uv = uv_iq(param, param_1);
        }
        vec2 param_2 = tex_uv;
        frag_color = vec4(mix(sample_palette(param_2), s_colors[_386 * 1 + 256].xyz, vec3(s_colors[_386 * 1 + 256].w)), 1.0);
    }

*/
static const uint8_t fs_source_glsl410[4055] = {
    0x23,0x76,0x65,0x72,0x73,0x69,0x6f,0x6e,0x20,0x34,0x31,0x30,0x0a,0x0a,0x75,0x6e,
    0x69,0x66,0x6f,0x72,0x6d,0x20,0x76,0x65,0x63,0x34,0x20,0x73,0x5f,0x63,0x6f,0x6c,
    0x6f,0x72,0x73,0x5b,0x35,0x31,0x32,0x5d,0x3b,0x0a,0x75,0x6e,0x69,0x66,0x6f,0x72,
    0x6d,0x20,0x76,0x65,0x63,0x34,0x20,0x73,0x5f,0x62,0x75,0x66,0x66,0x65,0x72,0x5f,
    0x70,0x61,0x72,0x61,0x6d,0x73,0x5b,0x33,0x5d,0x3b,0x0a,0x73,0x74,0x72,0x75,0x63,
    0x74,0x20,0x73,0x5f,0x70,0x61,0x72,0x61,0x6d,0x73,0x0a,0x7b,0x0a,0x20,0x20,0x20,
    0x20,0x69,0x6e,0x74,0x20,0x66,0x69,0x6c,0x74,0x65,0x72,0x5f,0x6d,0x6f,0x64,0x65,
    0x3b,0x0a,0x20,0x20,0x20,0x20,0x66,0x6c,0x6f,0x61,0x74,0x20,0x74,0x69,0x6d,0x65,
    0x3b,0x0a,0x7d,0x3b,0x0a,0x0a,0x75,0x6e,0x69,0x66,0x6f,0x72,0x6d,0x20,0x73,0x5f,
    0x70,0x61,0x72,0x61,0x6d,0x73,0x20,0x5f,0x31,0x34,0x34,0x3b,0x0a,0x0a,0x75,0x6e,
    0x69,0x66,0x6f,0x72,0x6d,0x20,0x73,0x61,0x6d,0x70,0x6c,0x65,0x72,0x32,0x44,0x20,
    0x74,0x65,0x78,0x5f,0x64,0x65,0x62,0x75,0x67,0x5f,0x73,0x6d,0x70,0x3b,0x0a,0x75,
    0x6e,0x69,0x66,0x6f,0x72,0x6d,0x20,0x73,0x61,0x6d,0x70,0x6c,0x65,0x72,0x32,0x44,
    0x20,0x74,0x65,0x78,0x5f,0x73,0x6d,0x70,0x3b,0x0a,0x0a,0x6c,0x61,0x79,0x6f,0x75,
    0x74,0x28,0x6c,0x6f,0x63,0x61,0x74,0x69,0x6f,0x6e,0x20,0x3d,0x20,0x30,0x29,0x20,
    0x69,0x6e,0x20,0x76,0x65,0x63,0x32,0x20,0x75,0x76,0x3b,0x0a,0x6c,0x61,0x79,0x6f,
    0x75,0x74,0x28,0x6c,0x6f,0x63,0x61,0x74,0x69,0x6f,0x6e,0x20,0x3d,0x20,0x30,0x29,
    0x20,0x6f,0x75,0x74,0x20,0x76,0x65,0x63,0x34,0x20,0x66,0x72,0x61,0x67,0x5f,0x63,
    0x6f,0x6c,0x6f,0x72,0x3b,0x0a,0x0a,0x62,0x6f,0x6f,0x6c,0x20,0x69,0x6e,0x74,0x65,
    0x67,0x65,0x72,0x5f,0x73,0x63,0x61,0x6c,0x65,0x28,0x29,0x0a,0x7b,0x0a,0x20,0x20,
    0x20,0x20,0x62,0x6f,0x6f,0x6c,0x20,0x5f,0x31,0x32,0x32,0x20,0x3d,0x20,0x61,0x6c,
    0x6c,0x28,0x67,0x72,0x65,0x61,0x74,0x65,0x72,0x54,0x68,0x61,0x6e,0x45,0x71,0x75,
    0x61,0x6c,0x28,0x73,0x5f,0x62,0x75,0x66,0x66,0x65,0x72,0x5f,0x70,0x61,0x72,0x61,
    0x6d,0x73,0x5b,0x32,0x5d,0x2e,0x78,0x79,0x2c,0x20,0x76,0x65,0x63,0x32,0x28,0x31,
    0x2e,0x30,0x29,0x29,0x29,0x3b,0x0a,0x20,0x20,0x20,0x20,0x62,0x6f,0x6f,0x6c,0x20,
    0x5f,0x31,0x33,0x32,0x3b,0x0a,0x20,0x20,0x20,0x20,0x69,0x66,0x20,0x28,0x5f,0x31,
    0x32,0x32,0x29,0x0a,0x20,0x20,0x20,0x20,0x7b,0x0a,0x20,0x20,0x20,0x20,0x20,0x20,
    0x20,0x20,0x5f,0x31,0x33,0x32,0x20,0x3d,0x20,0x61,0x6c,0x6c,0x28,0x65,0x71,0x75,
    0x61,0x6c,0x28,0x73,0x5f,0x62,0x75,0x66,0x66,0x65,0x72,0x5f,0x70,0x61,0x72,0x61,
    0x6d,0x73,0x5b,0x32,0x5d,0x2e,0x78,0x79,0x2c,0x20,0x66,0x6c,0x6f,0x6f,0x72,0x28,
    0x73,0x5f,0x62,0x75,0x66,0x66,0x65,0x72,0x5f,0x70,0x61,0x72,0x61,0x6d,0x73,0x5b,
    0x32,0x5d,0x2e,0x78,0x79,0x29,0x29,0x29,0x3b,0x0a,0x20,0x20,0x20,0x20,0x7d,0x0a,
    0x20,0x20,0x20,0x20,0x65,0x6c,0x73,0x65,0x0a,0x20,0x20,0x20,0x20,0x7b,0x0a,0x20,
    0x20,0x20,0x20,0x20,0x20,0x20,0x20,0x5f,0x31,0x33,0x32,0x20,0x3d,0x20,0x5f,0x31,
    0x32,0x32,0x3b,0x0a,0x20,0x20,0x20,0x20,0x7d,0x0a,0x20,0x20,0x20,0x20,0x72,0x65,
    0x74,0x75,0x72,0x6e,0x20,0x5f,0x31,0x33,0x32,0x3b,0x0a,0x7d,0x0a,0x0a,0x76,0x65,
    0x63,0x32,0x20,0x75,0x76,0x5f,0x69,0x71,0x28,0x76,0x65,0x63,0x32,0x20,0x75,0x76,
    0x5f,0x31,0x2c,0x20,0x69,0x76,0x65,0x63,0x32,0x20,0x74,0x65,0x78,0x74,0x75,0x72,
    0x65,0x5f,0x73,0x69,0x7a,0x65,0x29,0x0a,0x7b,0x0a,0x20,0x20,0x20,0x20,0x76,0x65,
    0x63,0x32,0x20,0x5f,0x33,0x34,0x20,0x3d,0x20,0x75,0x76,0x5f,0x31,0x20,0x2a,0x20,
    0x76,0x65,0x63,0x32,0x28,0x74,0x65,0x78,0x74,0x75,0x72,0x65,0x5f,0x73,0x69,0x7a,
    0x65,0x29,0x3b,0x0a,0x20,0x20,0x20,0x20,0x76,0x65,0x63,0x32,0x20,0x5f,0x34,0x30,
    0x20,0x3d,0x20,0x66,0x6c,0x6f,0x6f,0x72,0x28,0x5f,0x33,0x34,0x20,0x2b,0x20,0x76,
    0x65,0x63,0x32,0x28,0x30,0x2e,0x35,0x29,0x29,0x3b,0x0a,0x20,0x20,0x20,0x20,0x72,
    0x65,0x74,0x75,0x72,0x6e,0x20,0x28,0x5f,0x34,0x30,0x20,0x2b,0x20,0x63,0x6c,0x61,
    0x6d,0x70,0x28,0x28,0x5f,0x33,0x34,0x20,0x2d,0x20,0x5f,0x34,0x30,0x29,0x20,0x2f,
    0x20,0x66,0x77,0x69,0x64,0x74,0x68,0x28,0x5f,0x33,0x34,0x29,0x2c,0x20,0x76,0x65,
    0x63,0x32,0x28,0x2d,0x30,0x2e,0x35,0x29,0x2c,0x20,0x76,0x65,0x63,0x32,0x28,0x30,
    0x2e,0x35,0x29,0x29,0x29,0x20,0x2f,0x20,0x76,0x65,0x63,0x32,0x28,0x74,0x65,0x78,
    0x74,0x75,0x72,0x65,0x5f,0x73,0x69,0x7a,0x65,0x29,0x3b,0x0a,0x7d,0x0a,0x0a,0x76,
    0x65,0x63,0x33,0x20,0x70,0x61,0x6c,0x65,0x74,0x74,0x65,0x5f,0x63,0x6f,0x6c,0x6f,
    0x72,0x28,0x69,0x6e,0x6f,0x75,0x74,0x20,0x69,0x76,0x65,0x63,0x32,0x20,0x70,0x6f,
    0x73,0x29,0x0a,0x7b,0x0a,0x20,0x20,0x20,0x20,0x70,0x6f,0x73,0x20,0x3d,0x20,0x63,
    0x6c,0x61,0x6d,0x70,0x28,0x70,0x6f,0x73,0x2c,0x20,0x69,0x76,0x65,0x63,0x32,0x28,
    0x30,0x29,0x2c,0x20,0x74,0x65,0x78,0x74,0x75,0x72,0x65,0x53,0x69,0x7a,0x65,0x28,
    0x74,0x65,0x78,0x5f,0x73,0x6d,0x70,0x2c,0x20,0x30,0x29,0x20,0x2d,0x20,0x69,0x76,
    0x65,0x63,0x32,0x28,0x31,0x29,0x29,0x3b,0x0a,0x20,0x20,0x20,0x20,0x72,0x65,0x74,
    0x75,0x72,0x6e,0x20,0x73,0x5f,0x63,0x6f,0x6c,0x6f,0x72,0x73,0x5b,0x69,0x6e,0x74,
    0x28,0x28,0x74,0x65,0x78,0x65,0x6c,0x46,0x65,0x74,0x63,0x68,0x28,0x74,0x65,0x78,
    0x5f,0x73,0x6d,0x70,0x2c,0x20,0x70,0x6f,0x73,0x2c,0x20,0x30,0x29,0x2e,0x78,0x20,
    0x2a,0x20,0x32,0x35,0x35,0x2e,0x30,0x29,0x20,0x2b,0x20,0x30,0x2e,0x35,0x29,0x20,
    0x2a,0x20,0x31,0x20,0x2b,0x20,0x30,0x5d,0x2e,0x78,0x79,0x7a,0x3b,0x0a,0x7d,0x0a,
    0x0a,0x76,0x65,0x63,0x33,0x20,0x73,0x61,0x6d,0x70,0x6c,0x65,0x5f,0x70,0x61,0x6c,
    0x65,0x74,0x74,0x65,0x28,0x76,0x65,0x63,0x32,0x20,0x73,0x61,0x6d,0x70,0x6c,0x65,
    0x5f,0x75,0x76,0x29,0x0a,0x7b,0x0a,0x20,0x20,0x20,0x20,0x76,0x65,0x63,0x32,0x20,
    0x5f,0x31,0x34,0x31,0x20,0x3d,0x20,0x76,0x65,0x63,0x32,0x28,0x74,0x65,0x78,0x74,
    0x75,0x72,0x65,0x53,0x69,0x7a,0x65,0x28,0x74,0x65,0x78,0x5f,0x73,0x6d,0x70,0x2c,
    0x20,0x30,0x29,0x29,0x3b,0x0a,0x20,0x20,0x20,0x20,0x62,0x6f,0x6f,0x6c,0x20,0x5f,
    0x31,0x34,0x38,0x20,0x3d,0x20,0x5f,0x31,0x34,0x34,0x2e,0x66,0x69,0x6c,0x74,0x65,
    0x72,0x5f,0x6d,0x6f,0x64,0x65,0x20,0x3d,0x3d,0x20,0x31,0x3b,0x0a,0x20,0x20,0x20,
    0x20,0x62,0x6f,0x6f,0x6c,0x20,0x5f,0x31,0x35,0x33,0x3b,0x0a,0x20,0x20,0x20,0x20,
    0x69,0x66,0x20,0x28,0x21,0x5f,0x31,0x34,0x38,0x29,0x0a,0x20,0x20,0x20,0x20,0x7b,
    0x0a,0x20,0x20,0x20,0x20,0x20,0x20,0x20,0x20,0x5f,0x31,0x35,0x33,0x20,0x3d,0x20,
    0x69,0x6e,0x74,0x65,0x67,0x65,0x72,0x5f,0x73,0x63,0x61,0x6c,0x65,0x28,0x29,0x3b,
    0x0a,0x20,0x20,0x20,0x20,0x7d,0x0a,0x20,0x20,0x20,0x20,0x65,0x6c,0x73,0x65,0x0a,
    0x20,0x20,0x20,0x20,0x7b,0x0a,0x20,0x20,0x20,0x20,0x20,0x20,0x20,0x20,0x5f,0x31,
    0x35,0x33,0x20,0x3d,0x20,0x5f,0x31,0x34,0x38,0x3b,0x0a,0x20,0x20,0x20,0x20,0x7d,
    0x0a,0x20,0x20,0x20,0x20,0x69,0x66,0x20,0x28,0x5f,0x31,0x35,0x33,0x29,0x0a,0x20,
    0x20,0x20,0x20,0x7b,0x0a,0x20,0x20,0x20,0x20,0x20,0x20,0x20,0x20,0x69,0x76,0x65,
    0x63,0x32,0x20,0x70,0x61,0x72,0x61,0x6d,0x20,0x3d,0x20,0x69,0x76,0x65,0x63,0x32,
    0x28,0x66,0x6c,0x6f,0x6f,0x72,0x28,0x73,0x61,0x6d,0x70,0x6c,0x65,0x5f,0x75,0x76,
    0x20,0x2a,0x20,0x5f,0x31,0x34,0x31,0x29,0x29,0x3b,0x0a,0x20,0x20,0x20,0x20,0x20,
    0x20,0x20,0x20,0x76,0x65,0x63,0x33,0x20,0x5f,0x31,0x36,0x32,0x20,0x3d,0x20,0x70,
    0x61,0x6c,0x65,0x74,0x74,0x65,0x5f,0x63,0x6f,0x6c,0x6f,0x72,0x28,0x70,0x61,0x72,
    0x61,0x6d,0x29,0x3b,0x0a,0x20,0x20,0x20,0x20,0x20,0x20,0x20,0x20,0x72,0x65,0x74,
    0x75,0x72,0x6e,0x20,0x5f,0x31,0x36,0x32,0x3b,0x0a,0x20,0x20,0x20,0x20,0x7d,0x0a,
    0x20,0x20,0x20,0x20,0x69,0x66,0x20,0x28,0x5f,0x31,0x34,0x34,0x2e,0x66,0x69,0x6c,
    0x74,0x65,0x72,0x5f,0x6d,0x6f,0x64,0x65,0x20,0x3d,0x3d,0x20,0x32,0x29,0x0a,0x20,
    0x20,0x20,0x20,0x7b,0x0a,0x20,0x20,0x20,0x20,0x20,0x20,0x20,0x20,0x66,0x6c,0x6f,
    0x61,0x74,0x20,0x5f,0x31,0x37,0x37,0x20,0x3d,0x20,0x6d,0x61,0x78,0x28,0x31,0x2e,
    0x30,0x2c,0x20,0x66,0x6c,0x6f,0x6f,0x72,0x28,0x73,0x5f,0x62,0x75,0x66,0x66,0x65,
    0x72,0x5f,0x70,0x61,0x72,0x61,0x6d,0x73,0x5b,0x32,0x5d,0x2e,0x78,0x20,0x2b,0x20,
    0x30,0x2e,0x35,0x29,0x29,0x3b,0x0a,0x20,0x20,0x20,0x20,0x20,0x20,0x20,0x20,0x76,
    0x65,0x63,0x32,0x20,0x5f,0x31,0x38,0x35,0x20,0x3d,0x20,0x28,0x28,0x73,0x61,0x6d,
    0x70,0x6c,0x65,0x5f,0x75,0x76,0x20,0x2a,0x20,0x5f,0x31,0x34,0x31,0x29,0x20,0x2a,
    0x20,0x5f,0x31,0x37,0x37,0x29,0x20,0x2d,0x20,0x76,0x65,0x63,0x32,0x28,0x30,0x2e,
    0x35,0x29,0x3b,0x0a,0x20,0x20,0x20,0x20,0x20,0x20,0x20,0x20,0x76,0x65,0x63,0x32,
    0x20,0x5f,0x31,0x38,0x38,0x20,0x3d,0x20,0x66,0x6c,0x6f,0x6f,0x72,0x28,0x5f,0x31,
    0x38,0x35,0x29,0x3b,0x0a,0x20,0x20,0x20,0x20,0x20,0x20,0x20,0x20,0x76,0x65,0x63,
    0x32,0x20,0x5f,0x31,0x39,0x31,0x20,0x3d,0x20,0x66,0x72,0x61,0x63,0x74,0x28,0x5f,
    0x31,0x38,0x35,0x29,0x3b,0x0a,0x20,0x20,0x20,0x20,0x20,0x20,0x20,0x20,0x76,0x65,
    0x63,0x32,0x20,0x5f,0x31,0x39,0x35,0x20,0x3d,0x20,0x76,0x65,0x63,0x32,0x28,0x5f,
    0x31,0x37,0x37,0x29,0x3b,0x0a,0x20,0x20,0x20,0x20,0x20,0x20,0x20,0x20,0x69,0x76,
    0x65,0x63,0x32,0x20,0x5f,0x31,0x39,0x38,0x20,0x3d,0x20,0x69,0x76,0x65,0x63,0x32,
    0x28,0x66,0x6c,0x6f,0x6f,0x72,0x28,0x5f,0x31,0x38,0x38,0x20,0x2f,0x20,0x5f,0x31,
    0x39,0x35,0x29,0x29,0x3b,0x0a,0x20,0x20,0x20,0x20,0x20,0x20,0x20,0x20,0x69,0x76,
    0x65,0x63,0x32,0x20,0x5f,0x32,0x30,0x37,0x20,0x3d,0x20,0x69,0x76,0x65,0x63,0x32,
    0x28,0x66,0x6c,0x6f,0x6f,0x72,0x28,0x28,0x5f,0x31,0x38,0x38,0x20,0x2b,0x20,0x76,
    0x65,0x63,0x32,0x28,0x31,0x2e,0x30,0x29,0x29,0x20,0x2f,0x20,0x5f,0x31,0x39,0x35,
    0x29,0x29,0x3b,0x0a,0x20,0x20,0x20,0x20,0x20,0x20,0x20,0x20,0x69,0x76,0x65,0x63,
    0x32,0x20,0x70,0x61,0x72,0x61,0x6d,0x5f,0x31,0x20,0x3d,0x20,0x5f,0x31,0x39,0x38,
    0x3b,0x0a,0x20,0x20,0x20,0x20,0x20,0x20,0x20,0x20,0x76,0x65,0x63,0x33,0x20,0x5f,
    0x32,0x31,0x32,0x20,0x3d,0x20,0x70,0x61,0x6c,0x65,0x74,0x74,0x65,0x5f,0x63,0x6f,
    0x6c,0x6f,0x72,0x28,0x70,0x61,0x72,0x61,0x6d,0x5f,0x31,0x29,0x3b,0x0a,0x20,0x20,
    0x20,0x20,0x20,0x20,0x20,0x20,0x69,0x76,0x65,0x63,0x32,0x20,0x70,0x61,0x72,0x61,
    0x6d,0x5f,0x32,0x20,0x3d,0x20,0x69,0x76,0x65,0x63,0x32,0x28,0x5f,0x32,0x30,0x37,
    0x2e,0x78,0x2c,0x20,0x5f,0x31,0x39,0x38,0x2e,0x79,0x29,0x3b,0x0a,0x20,0x20,0x20,
    0x20,0x20,0x20,0x20,0x20,0x76,0x65,0x63,0x33,0x20,0x5f,0x32,0x32,0x30,0x20,0x3d,
    0x20,0x70,0x61,0x6c,0x65,0x74,0x74,0x65,0x5f,0x63,0x6f,0x6c,0x6f,0x72,0x28,0x70,
    0x61,0x72,0x61,0x6d,0x5f,0x32,0x29,0x3b,0x0a,0x20,0x20,0x20,0x20,0x20,0x20,0x20,
    0x20,0x76,0x65,0x63,0x33,0x20,0x5f,0x32,0x32,0x33,0x20,0x3d,0x20,0x76,0x65,0x63,
    0x33,0x28,0x5f,0x31,0x39,0x31,0x2e,0x78,0x29,0x3b,0x0a,0x20,0x20,0x20,0x20,0x20,
    0x20,0x20,0x20,0x69,0x76,0x65,0x63,0x32,0x20,0x70,0x61,0x72,0x61,0x6d,0x5f,0x33,
    0x20,0x3d,0x20,0x69,0x76,0x65,0x63,0x32,0x28,0x5f,0x31,0x39,0x38,0x2e,0x78,0x2c,
    0x20,0x5f,0x32,0x30,0x37,0x2e,0x79,0x29,0x3b,0x0a,0x20,0x20,0x20,0x20,0x20,0x20,
    0x20,0x20,0x76,0x65,0x63,0x33,0x20,0x5f,0x32,0x33,0x32,0x20,0x3d,0x20,0x70,0x61,
    0x6c,0x65,0x74,0x74,0x65,0x5f,0x63,0x6f,0x6c,0x6f,0x72,0x28,0x70,0x61,0x72,0x61,
    0x6d,0x5f,0x33,0x29,0x3b,0x0a,0x20,0x20,0x20,0x20,0x20,0x20,0x20,0x20,0x69,0x76,
    0x65,0x63,0x32,0x20,0x70,0x61,0x72,0x61,0x6d,0x5f,0x34,0x20,0x3d,0x20,0x5f,0x32,
    0x30,0x37,0x3b,0x0a,0x20,0x20,0x20,0x20,0x20,0x20,0x20,0x20,0x76,0x65,0x63,0x33,
    0x20,0x5f,0x32,0x33,0x35,0x20,0x3d,0x20,0x70,0x61,0x6c,0x65,0x74,0x74,0x65,0x5f,
    0x63,0x6f,0x6c,0x6f,0x72,0x28,0x70,0x61,0x72,0x61,0x6d,0x5f,0x34,0x29,0x3b,0x0a,
    0x20,0x20,0x20,0x20,0x20,0x20,0x20,0x20,0x72,0x65,0x74,0x75,0x72,0x6e,0x20,0x6d,
    0x69,0x78,0x28,0x6d,0x69,0x78,0x28,0x5f,0x32,0x31,0x32,0x2c,0x20,0x5f,0x32,0x32,
    0x30,0x2c,0x20,0x5f,0x32,0x32,0x33,0x29,0x2c,0x20,0x6d,0x69,0x78,0x28,0x5f,0x32,
    0x33,0x32,0x2c,0x20,0x5f,0x32,0x33,0x35,0x2c,0x20,0x5f,0x32,0x32,0x33,0x29,0x2c,
    0x20,0x76,0x65,0x63,0x33,0x28,0x5f,0x31,0x39,0x31,0x2e,0x79,0x29,0x29,0x3b,0x0a,
    0x20,0x20,0x20,0x20,0x7d,0x0a,0x20,0x20,0x20,0x20,0x76,0x65,0x63,0x32,0x20,0x5f,
    0x32,0x35,0x32,0x20,0x3d,0x20,0x28,0x73,0x61,0x6d,0x70,0x6c,0x65,0x5f,0x75,0x76,
    0x20,0x2a,0x20,0x5f,0x31,0x34,0x31,0x29,0x20,0x2d,0x20,0x76,0x65,0x63,0x32,0x28,
    0x30,0x2e,0x35,0x29,0x3b,0x0a,0x20,0x20,0x20,0x20,0x69,0x76,0x65,0x63,0x32,0x20,
    0x5f,0x32,0x35,0x36,0x20,0x3d,0x20,0x69,0x76,0x65,0x63,0x32,0x28,0x66,0x6c,0x6f,
    0x6f,0x72,0x28,0x5f,0x32,0x35,0x32,0x29,0x29,0x3b,0x0a,0x20,0x20,0x20,0x20,0x76,
    0x65,0x63,0x32,0x20,0x5f,0x32,0x35,0x39,0x20,0x3d,0x20,0x66,0x72,0x61,0x63,0x74,
    0x28,0x5f,0x32,0x35,0x32,0x29,0x3b,0x0a,0x20,0x20,0x20,0x20,0x69,0x76,0x65,0x63,
    0x32,0x20,0x70,0x61,0x72,0x61,0x6d,0x5f,0x35,0x20,0x3d,0x20,0x5f,0x32,0x35,0x36,
    0x3b,0x0a,0x20,0x20,0x20,0x20,0x76,0x65,0x63,0x33,0x20,0x5f,0x32,0x36,0x33,0x20,
    0x3d,0x20,0x70,0x61,0x6c,0x65,0x74,0x74,0x65,0x5f,0x63,0x6f,0x6c,0x6f,0x72,0x28,
    0x70,0x61,0x72,0x61,0x6d,0x5f,0x35,0x29,0x3b,0x0a,0x20,0x20,0x20,0x20,0x69,0x76,
    0x65,0x63,0x32,0x20,0x70,0x61,0x72,0x61,0x6d,0x5f,0x36,0x20,0x3d,0x20,0x5f,0x32,
    0x35,0x36,0x20,0x2b,0x20,0x69,0x76,0x65,0x63,0x32,0x28,0x31,0x2c,0x20,0x30,0x29,
    0x3b,0x0a,0x20,0x20,0x20,0x20,0x76,0x65,0x63,0x33,0x20,0x5f,0x32,0x36,0x38,0x20,
    0x3d,0x20,0x70,0x61,0x6c,0x65,0x74,0x74,0x65,0x5f,0x63,0x6f,0x6c,0x6f,0x72,0x28,
    0x70,0x61,0x72,0x61,0x6d,0x5f,0x36,0x29,0x3b,0x0a,0x20,0x20,0x20,0x20,0x76,0x65,
    0x63,0x33,0x20,0x5f,0x32,0x37,0x31,0x20,0x3d,0x20,0x76,0x65,0x63,0x33,0x28,0x5f,
    0x32,0x35,0x39,0x2e,0x78,0x29,0x3b,0x0a,0x20,0x20,0x20,0x20,0x69,0x76,0x65,0x63,
    0x32,0x20,0x70,0x61,0x72,0x61,0x6d,0x5f,0x37,0x20,0x3d,0x20,0x5f,0x32,0x35,0x36,
    0x20,0x2b,0x20,0x69,0x76,0x65,0x63,0x32,0x28,0x30,0x2c,0x20,0x31,0x29,0x3b,0x0a,
    0x20,0x20,0x20,0x20,0x76,0x65,0x63,0x33,0x20,0x5f,0x32,0x37,0x38,0x20,0x3d,0x20,
    0x70,0x61,0x6c,0x65,0x74,0x74,0x65,0x5f,0x63,0x6f,0x6c,0x6f,0x72,0x28,0x70,0x61,
    0x72,0x61,0x6d,0x5f,0x37,0x29,0x3b,0x0a,0x20,0x20,0x20,0x20,0x69,0x76,0x65,0x63,
    0x32,0x20,0x70,0x61,0x72,0x61,0x6d,0x5f,0x38,0x20,0x3d,0x20,0x5f,0x32,0x35,0x36,
    0x20,0x2b,0x20,0x69,0x76,0x65,0x63,0x32,0x28,0x31,0x29,0x3b,0x0a,0x20,0x20,0x20,
    0x20,0x76,0x65,0x63,0x33,0x20,0x5f,0x32,0x38,0x33,0x20,0x3d,0x20,0x70,0x61,0x6c,
    0x65,0x74,0x74,0x65,0x5f,0x63,0x6f,0x6c,0x6f,0x72,0x28,0x70,0x61,0x72,0x61,0x6d,
    0x5f,0x38,0x29,0x3b,0x0a,0x20,0x20,0x20,0x20,0x72,0x65,0x74,0x75,0x72,0x6e,0x20,
    0x6d,0x69,0x78,0x28,0x6d,0x69,0x78,0x28,0x5f,0x32,0x36,0x33,0x2c,0x20,0x5f,0x32,
    0x36,0x38,0x2c,0x20,0x5f,0x32,0x37,0x31,0x29,0x2c,0x20,0x6d,0x69,0x78,0x28,0x5f,
    0x32,0x37,0x38,0x2c,0x20,0x5f,0x32,0x38,0x33,0x2c,0x20,0x5f,0x32,0x37,0x31,0x29,
    0x2c,0x20,0x76,0x65,0x63,0x33,0x28,0x5f,0x32,0x35,0x39,0x2e,0x79,0x29,0x29,0x3b,
    0x0a,0x7d,0x0a,0x0a,0x76,0x6f,0x69,0x64,0x20,0x6d,0x61,0x69,0x6e,0x28,0x29,0x0a,
    0x7b,0x0a,0x20,0x20,0x20,0x20,0x76,0x65,0x63,0x32,0x20,0x5f,0x33,0x30,0x38,0x20,
    0x3d,0x20,0x28,0x75,0x76,0x20,0x2a,0x20,0x73,0x5f,0x62,0x75,0x66,0x66,0x65,0x72,
    0x5f,0x70,0x61,0x72,0x61,0x6d,0x73,0x5b,0x31,0x5d,0x2e,0x7a,0x77,0x29,0x20,0x2d,
    0x20,0x73,0x5f,0x62,0x75,0x66,0x66,0x65,0x72,0x5f,0x70,0x61,0x72,0x61,0x6d,0x73,
    0x5b,0x30,0x5d,0x2e,0x78,0x79,0x3b,0x0a,0x20,0x20,0x20,0x20,0x66,0x6c,0x6f,0x61,
    0x74,0x20,0x5f,0x33,0x31,0x30,0x20,0x3d,0x20,0x5f,0x33,0x30,0x38,0x2e,0x78,0x3b,
    0x0a,0x20,0x20,0x20,0x20,0x62,0x6f,0x6f,0x6c,0x20,0x5f,0x33,0x31,0x32,0x20,0x3d,
    0x20,0x5f,0x33,0x31,0x30,0x20,0x3c,0x20,0x30,0x2e,0x30,0x3b,0x0a,0x20,0x20,0x20,
    0x20,0x62,0x6f,0x6f,0x6c,0x20,0x5f,0x33,0x31,0x39,0x3b,0x0a,0x20,0x20,0x20,0x20,
    0x69,0x66,0x20,0x28,0x21,0x5f,0x33,0x31,0x32,0x29,0x0a,0x20,0x20,0x20,0x20,0x7b,
    0x0a,0x20,0x20,0x20,0x20,0x20,0x20,0x20,0x20,0x5f,0x33,0x31,0x39,0x20,0x3d,0x20,
    0x5f,0x33,0x30,0x38,0x2e,0x79,0x20,0x3c,0x20,0x30,0x2e,0x30,0x3b,0x0a,0x20,0x20,
    0x20,0x20,0x7d,0x0a,0x20,0x20,0x20,0x20,0x65,0x6c,0x73,0x65,0x0a,0x20,0x20,0x20,
    0x20,0x7b,0x0a,0x20,0x20,0x20,0x20,0x20,0x20,0x20,0x20,0x5f,0x33,0x31,0x39,0x20,
    0x3d,0x20,0x5f,0x33,0x31,0x32,0x3b,0x0a,0x20,0x20,0x20,0x20,0x7d,0x0a,0x20,0x20,
    0x20,0x20,0x62,0x6f,0x6f,0x6c,0x20,0x5f,0x33,0x32,0x38,0x3b,0x0a,0x20,0x20,0x20,
    0x20,0x69,0x66,0x20,0x28,0x21,0x5f,0x33,0x31,0x39,0x29,0x0a,0x20,0x20,0x20,0x20,
    0x7b,0x0a,0x20,0x20,0x20,0x20,0x20,0x20,0x20,0x20,0x5f,0x33,0x32,0x38,0x20,0x3d,
    0x20,0x5f,0x33,0x31,0x30,0x20,0x3e,0x3d,0x20,0x73,0x5f,0x62,0x75,0x66,0x66,0x65,
    0x72,0x5f,0x70,0x61,0x72,0x61,0x6d,0x73,0x5b,0x30,0x5d,0x2e,0x7a,0x3b,0x0a,0x20,
    0x20,0x20,0x20,0x7d,0x0a,0x20,0x20,0x20,0x20,0x65,0x6c,0x73,0x65,0x0a,0x20,0x20,
    0x20,0x20,0x7b,0x0a,0x20,0x20,0x20,0x20,0x20,0x20,0x20,0x20,0x5f,0x33,0x32,0x38,
    0x20,0x3d,0x20,0x5f,0x33,0x31,0x39,0x3b,0x0a,0x20,0x20,0x20,0x20,0x7d,0x0a,0x20,
    0x20,0x20,0x20,0x62,0x6f,0x6f,0x6c,0x20,0x5f,0x33,0x33,0x37,0x3b,0x0a,0x20,0x20,
    0x20,0x20,0x69,0x66,0x20,0x28,0x21,0x5f,0x33,0x32,0x38,0x29,0x0a,0x20,0x20,0x20,
    0x20,0x7b,0x0a,0x20,0x20,0x20,0x20,0x20,0x20,0x20,0x20,0x5f,0x33,0x33,0x37,0x20,
    0x3d,0x20,0x5f,0x33,0x30,0x38,0x2e,0x79,0x20,0x3e,0x3d,0x20,0x73,0x5f,0x62,0x75,
    0x66,0x66,0x65,0x72,0x5f,0x70,0x61,0x72,0x61,0x6d,0x73,0x5b,0x30,0x5d,0x2e,0x77,
    0x3b,0x0a,0x20,0x20,0x20,0x20,0x7d,0x0a,0x20,0x20,0x20,0x20,0x65,0x6c,0x73,0x65,
    0x0a,0x20,0x20,0x20,0x20,0x7b,0x0a,0x20,0x20,0x20,0x20,0x20,0x20,0x20,0x20,0x5f,
    0x33,0x33,0x37,0x20,0x3d,0x20,0x5f,0x33,0x32,0x38,0x3b,0x0a,0x20,0x20,0x20,0x20,
    0x7d,0x0a,0x20,0x20,0x20,0x20,0x69,0x66,0x20,0x28,0x5f,0x33,0x33,0x37,0x29,0x0a,
    0x20,0x20,0x20,0x20,0x7b,0x0a,0x20,0x20,0x20,0x20,0x20,0x20,0x20,0x20,0x66,0x72,
    0x61,0x67,0x5f,0x63,0x6f,0x6c,0x6f,0x72,0x20,0x3d,0x20,0x76,0x65,0x63,0x34,0x28,
    0x73,0x5f,0x63,0x6f,0x6c,0x6f,0x72,0x73,0x5b,0x30,0x5d,0x2e,0x78,0x79,0x7a,0x2c,
    0x20,0x31,0x2e,0x30,0x29,0x3b,0x0a,0x20,0x20,0x20,0x20,0x20,0x20,0x20,0x20,0x72,
    0x65,0x74,0x75,0x72,0x6e,0x3b,0x0a,0x20,0x20,0x20,0x20,0x7d,0x0a,0x20,0x20,0x20,
    0x20,0x76,0x65,0x63,0x32,0x20,0x5f,0x33,0x35,0x34,0x20,0x3d,0x20,0x5f,0x33,0x30,
    0x38,0x20,0x2f,0x20,0x73,0x5f,0x62,0x75,0x66,0x66,0x65,0x72,0x5f,0x70,0x61,0x72,
    0x61,0x6d,0x73,0x5b,0x30,0x5d,0x2e,0x7a,0x77,0x3b,0x0a,0x20,0x20,0x20,0x20,0x5f,
    0x33,0x35,0x34,0x2e,0x79,0x20,0x3d,0x20,0x31,0x2e,0x30,0x20,0x2d,0x20,0x5f,0x33,
    0x35,0x34,0x2e,0x79,0x3b,0x0a,0x20,0x20,0x20,0x20,0x76,0x65,0x63,0x32,0x20,0x74,
    0x65,0x78,0x5f,0x75,0x76,0x20,0x3d,0x20,0x5f,0x33,0x35,0x34,0x3b,0x0a,0x20,0x20,
    0x20,0x20,0x69,0x76,0x65,0x63,0x32,0x20,0x5f,0x33,0x36,0x35,0x20,0x3d,0x20,0x74,
    0x65,0x78,0x74,0x75,0x72,0x65,0x53,0x69,0x7a,0x65,0x28,0x74,0x65,0x78,0x5f,0x64,
    0x65,0x62,0x75,0x67,0x5f,0x73,0x6d,0x70,0x2c,0x20,0x30,0x29,0x3b,0x0a,0x20,0x20,
    0x20,0x20,0x69,0x6e,0x74,0x20,0x5f,0x33,0x38,0x36,0x20,0x3d,0x20,0x69,0x6e,0x74,
    0x28,0x28,0x74,0x65,0x78,0x65,0x6c,0x46,0x65,0x74,0x63,0x68,0x28,0x74,0x65,0x78,
    0x5f,0x64,0x65,0x62,0x75,0x67,0x5f,0x73,0x6d,0x70,0x2c,0x20,0x63,0x6c,0x61,0x6d,
    0x70,0x28,0x69,0x76,0x65,0x63,0x32,0x28,0x5f,0x33,0x35,0x34,0x20,0x2a,0x20,0x76,
    0x65,0x63,0x32,0x28,0x5f,0x33,0x36,0x35,0x29,0x29,0x2c,0x20,0x69,0x76,0x65,0x63,
    0x32,0x28,0x30,0x29,0x2c,0x20,0x5f,0x33,0x36,0x35,0x20,0x2d,0x20,0x69,0x76,0x65,
    0x63,0x32,0x28,0x31,0x29,0x29,0x2c,0x20,0x30,0x29,0x2e,0x78,0x20,0x2a,0x20,0x32,
    0x35,0x35,0x2e,0x30,0x29,0x20,0x2b,0x20,0x30,0x2e,0x35,0x29,0x3b,0x0a,0x20,0x20,
    0x20,0x20,0x62,0x6f,0x6f,0x6c,0x20,0x5f,0x33,0x39,0x34,0x20,0x3d,0x20,0x5f,0x31,
    0x34,0x34,0x2e,0x66,0x69,0x6c,0x74,0x65,0x72,0x5f,0x6d,0x6f,0x64,0x65,0x20,0x3d,
    0x3d,0x20,0x33,0x3b,0x0a,0x20,0x20,0x20,0x20,0x62,0x6f,0x6f,0x6c,0x20,0x5f,0x33,
    0x39,0x39,0x3b,0x0a,0x20,0x20,0x20,0x20,0x69,0x66,0x20,0x28,0x5f,0x33,0x39,0x34,
    0x29,0x0a,0x20,0x20,0x20,0x20,0x7b,0x0a,0x20,0x20,0x20,0x20,0x20,0x20,0x20,0x20,
    0x5f,0x33,0x39,0x39,0x20,0x3d,0x20,0x21,0x69,0x6e,0x74,0x65,0x67,0x65,0x72,0x5f,
    0x73,0x63,0x61,0x6c,0x65,0x28,0x29,0x3b,0x0a,0x20,0x20,0x20,0x20,0x7d,0x0a,0x20,
    0x20,0x20,0x20,0x65,0x6c,0x73,0x65,0x0a,0x20,0x20,0x20,0x20,0x7b,0x0a,0x20,0x20,
    0x20,0x20,0x20,0x20,0x20,0x20,0x5f,0x33,0x39,0x39,0x20,0x3d,0x20,0x5f,0x33,0x39,
    0x34,0x3b,0x0a,0x20,0x20,0x20,0x20,0x7d,0x0a,0x20,0x20,0x20,0x20,0x69,0x66,0x20,
    0x28,0x5f,0x33,0x39,0x39,0x29,0x0a,0x20,0x20,0x20,0x20,0x7b,0x0a,0x20,0x20,0x20,
    0x20,0x20,0x20,0x20,0x20,0x76,0x65,0x63,0x32,0x20,0x70,0x61,0x72,0x61,0x6d,0x20,
    0x3d,0x20,0x74,0x65,0x78,0x5f,0x75,0x76,0x3b,0x0a,0x20,0x20,0x20,0x20,0x20,0x20,
    0x20,0x20,0x69,0x76,0x65,0x63,0x32,0x20,0x70,0x61,0x72,0x61,0x6d,0x5f,0x31,0x20,
    0x3d,0x20,0x69,0x76,0x65,0x63,0x32,0x28,0x73,0x5f,0x62,0x75,0x66,0x66,0x65,0x72,
    0x5f,0x70,0x61,0x72,0x61,0x6d,0x73,0x5b,0x31,0x5d,0x2e,0x78,0x79,0x29,0x3b,0x0a,
    0x20,0x20,0x20,0x20,0x20,0x20,0x20,0x20,0x74,0x65,0x78,0x5f,0x75,0x76,0x20,0x3d,
    0x20,0x75,0x76,0x5f,0x69,0x71,0x28,0x70,0x61,0x72,0x61,0x6d,0x2c,0x20,0x70,0x61,
    0x72,0x61,0x6d,0x5f,0x31,0x29,0x3b,0x0a,0x20,0x20,0x20,0x20,0x7d,0x0a,0x20,0x20,
    0x20,0x20,0x76,0x65,0x63,0x32,0x20,0x70,0x61,0x72,0x61,0x6d,0x5f,0x32,0x20,0x3d,
    0x20,0x74,0x65,0x78,0x5f,0x75,0x76,0x3b,0x0a,0x20,0x20,0x20,0x20,0x66,0x72,0x61,
    0x67,0x5f,0x63,0x6f,0x6c,0x6f,0x72,0x20,0x3d,0x20,0x76,0x65,0x63,0x34,0x28,0x6d,
    0x69,0x78,0x28,0x73,0x61,0x6d,0x70,0x6c,0x65,0x5f,0x70,0x61,0x6c,0x65,0x74,0x74,
    0x65,0x28,0x70,0x61,0x72,0x61,0x6d,0x5f,0x32,0x29,0x2c,0x20,0x73,0x5f,0x63,0x6f,
    0x6c,0x6f,0x72,0x73,0x5b,0x5f,0x33,0x38,0x36,0x20,0x2a,0x20,0x31,0x20,0x2b,0x20,
    0x32,0x35,0x36,0x5d,0x2e,0x78,0x79,0x7a,0x2c,0x20,0x76,0x65,0x63,0x33,0x28,0x73,
    0x5f,0x63,0x6f,0x6c,0x6f,0x72,0x73,0x5b,0x5f,0x33,0x38,0x36,0x20,0x2a,0x20,0x31,
    0x20,0x2b,0x20,0x32,0x35,0x36,0x5d,0x2e,0x77,0x29,0x29,0x2c,0x20,0x31,0x2e,0x30,
    0x29,0x3b,0x0a,0x7d,0x0a,0x0a,0x00,
};
/*
    #version 300 es

    layout(location = 0) in vec4 pos;
    out vec2 uv;
    layout(location = 1) in vec2 texcoord0;

    void main()
    {
        gl_Position = pos;
        uv = texcoord0;
    }

*/
static const uint8_t vs_source_glsl300es[166] = {
    0x23,0x76,0x65,0x72,0x73,0x69,0x6f,0x6e,0x20,0x33,0x30,0x30,0x20,0x65,0x73,0x0a,
    0x0a,0x6c,0x61,0x79,0x6f,0x75,0x74,0x28,0x6c,0x6f,0x63,0x61,0x74,0x69,0x6f,0x6e,
    0x20,0x3d,0x20,0x30,0x29,0x20,0x69,0x6e,0x20,0x76,0x65,0x63,0x34,0x20,0x70,0x6f,
    0x73,0x3b,0x0a,0x6f,0x75,0x74,0x20,0x76,0x65,0x63,0x32,0x20,0x75,0x76,0x3b,0x0a,
    0x6c,0x61,0x79,0x6f,0x75,0x74,0x28,0x6c,0x6f,0x63,0x61,0x74,0x69,0x6f,0x6e,0x20,
    0x3d,0x20,0x31,0x29,0x20,0x69,0x6e,0x20,0x76,0x65,0x63,0x32,0x20,0x74,0x65,0x78,
    0x63,0x6f,0x6f,0x72,0x64,0x30,0x3b,0x0a,0x0a,0x76,0x6f,0x69,0x64,0x20,0x6d,0x61,
    0x69,0x6e,0x28,0x29,0x0a,0x7b,0x0a,0x20,0x20,0x20,0x20,0x67,0x6c,0x5f,0x50,0x6f,
    0x73,0x69,0x74,0x69,0x6f,0x6e,0x20,0x3d,0x20,0x70,0x6f,0x73,0x3b,0x0a,0x20,0x20,
    0x20,0x20,0x75,0x76,0x20,0x3d,0x20,0x74,0x65,0x78,0x63,0x6f,0x6f,0x72,0x64,0x30,
    0x3b,0x0a,0x7d,0x0a,0x0a,0x00,
};
/*
    #version 300 es
    precision mediump float;
    precision highp int;

    uniform highp vec4 s_colors[512];
    uniform highp vec4 s_buffer_params[3];
    struct s_params
    {
        int filter_mode;
        highp float time;
    };

    uniform s_params _144;

    uniform highp sampler2D tex_debug_smp;
    uniform highp sampler2D tex_smp;

    in highp vec2 uv;
    layout(location = 0) out highp vec4 frag_color;

    bool integer_scale()
    {
        bool _122 = all(greaterThanEqual(s_buffer_params[2].xy, vec2(1.0)));
        bool _132;
        if (_122)
        {
            _132 = all(equal(s_buffer_params[2].xy, floor(s_buffer_params[2].xy)));
        }
        else
        {
            _132 = _122;
        }
        return _132;
    }

    highp vec2 uv_iq(highp vec2 uv_1, ivec2 texture_size)
    {
        highp vec2 _34 = uv_1 * vec2(texture_size);
        highp vec2 _40 = floor(_34 + vec2(0.5));
        return (_40 + clamp((_34 - _40) / fwidth(_34), vec2(-0.5), vec2(0.5))) / vec2(texture_size);
    }

    highp vec3 palette_color(inout ivec2 pos)
    {
        pos = clamp(pos, ivec2(0), textureSize(tex_smp, 0) - ivec2(1));
        return s_colors[int((texelFetch(tex_smp, pos, 0).x * 255.0) + 0.5) * 1 + 0].xyz;
    }

    highp vec3 sample_palette(highp vec2 sample_uv)
    {
        highp vec2 _141 = vec2(textureSize(tex_smp, 0));
        bool _148 = _144.filter_mode == 1;
        bool _153;
        if (!_148)
        {
            _153 = integer_scale();
        }
        else
        {
            _153 = _148;
        }
        if (_153)
        {
            ivec2 param = ivec2(floor(sample_uv * _141));
            highp vec3 _162 = palette_color(param);
            return _162;
        }
        if (_144.filter_mode == 2)
        {
            highp float _177 = max(1.0, floor(s_buffer_params[2].x + 0.5));
            highp vec2 _185 = ((sample_uv * _141) * _177) - vec2(0.5);
            highp vec2 _188 = floor(_185);
            highp vec2 _191 = fract(_185);
            highp vec2 _195 = vec2(_177);
            ivec2 _198 = ivec2(floor(_188 / _195));
            ivec2 _207 = ivec2(floor((_188 + vec2(1.0)) / _195));
            ivec2 param_1 = _198;
            highp vec3 _212 = palette_color(param_1);
            ivec2 param_2 = ivec2(_207.x, _198.y);
            highp vec3 _220 = palette_color(param_2);
            highp vec3 _223 = vec3(_191.x);
            ivec2 param_3 = ivec2(_198.x, _207.y);
            highp vec3 _232 = palette_color(param_3);
            ivec2 param_4 = _207;
            highp vec3 _235 = palette_color(param_4);
            return mix(mix(_212, _220, _223), mix(_232, _235, _223), vec3(_191.y));
        }
        highp vec2 _252 = (sample_uv * _141) - vec2(0.5);
        ivec2 _256 = ivec2(floor(_252));
        highp vec2 _259 = fract(_252);
        ivec2 param_5 = _256;
        highp vec3 _263 = palette_color(param_5);
        ivec2 param_6 = _256 + ivec2(1, 0);
        highp vec3 _268 = palette_color(param_6);
        highp vec3 _271 = vec3(_259.x);
        ivec2 param_7 = _256 + ivec2(0, 1);
        highp vec3 _278 = palette_color(param_7);
        ivec2 param_8 = _256 + ivec2(1);
        highp vec3 _283 = palette_color(param_8);
        return mix(mix(_263, _268, _271), mix(_278, _283, _271), vec3(_259.y));
    }

    void main()
    {
        highp vec2 _308 = (uv * s_buffer_params[1].zw) - s_buffer_params[0].xy;
        highp float _310 = _308.x;
        bool _312 = _310 < 0.0;
        bool _319;
        if (!_312)
        {
            _319 = _308.y < 0.0;
        }
        else
        {
            _319 = _312;
        }
        bool _328;
        if (!_319)
        {
            _328 = _310 >= s_buffer_params[0].z;
        }
        else
        {
            _328 = _319;
        }
        bool _337;
        if (!_328)
        {
            _337 = _308.y >= s_buffer_params[0].w;
        }
        else
        {
            _337 = _328;
        }
        if (_337)
        {
            frag_color = vec4(s_colors[0].xyz, 1.0);
            return;
        }
        highp vec2 _354 = _308 / s_buffer_params[0].zw;
        _354.y = 1.0 - _354.y;
        highp vec2 tex_uv = _354;
        ivec2 _365 = textureSize(tex_debug_smp, 0);
        int _386 = int((texelFetch(tex_debug_smp, clamp(ivec2(_354 * vec2(_365)), ivec2(0), _365 - ivec2(1)), 0).x * 255.0) + 0.5);
        bool _394 = _144.filter_mode == 3;
        bool _399;
        if (_394)
        {
            _399 = !integer_scale();
        }
        else
        {
            _399 = _394;
        }
        if (_399)
        {
            highp vec2 param = tex_uv;
            ivec2 param_1 = ivec2(s_buffer_params[1].xy);
            tex_uv = uv_iq(param, param_1);
        }
        highp vec2 param_2 = tex_uv;
        frag_color = vec4(mix(sample_palette(param_2), s_colors[_386 * 1 + 256].xyz, vec3(s_colors[_386 * 1 + 256].w)), 1.0);
    }

*/
static const uint8_t fs_source_glsl300es[4317] = {
    0x23,0x76,0x65,0x72,0x73,0x69,0x6f,0x6e,0x20,0x33,0x30,0x30,0x20,0x65,0x73,0x0a,
    0x70,0x72,0x65,0x63,0x69,0x73,0x69,0x6f,0x6e,0x20,0x6d,0x65,0x64,0x69,0x75,0x6d,
    0x70,0x20,0x66,0x6c,0x6f,0x61,0x74,0x3b,0x0a,0x70,0x72,0x65,0x63,0x69,0x73,0x69,
    0x6f,0x6e,0x20,0x68,0x69,0x67,0x68,0x70,0x20,0x69,0x6e,0x74,0x3b,0x0a,0x0a,0x75,
    0x6e,0x69,0x66,0x6f,0x72,0x6d,0x20,0x68,0x69,0x67,0x68,0x70,0x20,0x76,0x65,0x63,
    0x34,0x20,0x73,0x5f,0x63,0x6f,0x6c,0x6f,0x72,0x73,0x5b,0x35,0x31,0x32,0x5d,0x3b,
    0x0a,0x75,0x6e,0x69,0x66,0x6f,0x72,0x6d,0x20,0x68,0x69,0x67,0x68,0x70,0x20,0x76,
    0x65,0x63,0x34,0x20,0x73,0x5f,0x62,0x75,0x66,0x66,0x65,0x72,0x5f,0x70,0x61,0x72,
    0x61,0x6d,0x73,0x5b,0x33,0x5d,0x3b,0x0a,0x73,0x74,0x72,0x75,0x63,0x74,0x20,0x73,
    0x5f,0x70,0x61,0x72,0x61,0x6d,0x73,0x0a,0x7b,0x0a,0x20,0x20,0x20,0x20,0x69,0x6e,
    0x74,0x20,0x66,0x69,0x6c,0x74,0x65,0x72,0x5f,0x6d,0x6f,0x64,0x65,0x3b,0x0a,0x20,
    0x20,0x20,0x20,0x68,0x69,0x67,0x68,0x70,0x20,0x66,0x6c,0x6f,0x61,0x74,0x20,0x74,
    0x69,0x6d,0x65,0x3b,0x0a,0x7d,0x3b,0x0a,0x0a,0x75,0x6e,0x69,0x66,0x6f,0x72,0x6d,
    0x20,0x73,0x5f,0x70,0x61,0x72,0x61,0x6d,0x73,0x20,0x5f,0x31,0x34,0x34,0x3b,0x0a,
    0x0a,0x75,0x6e,0x69,0x66,0x6f,0x72,0x6d,0x20,0x68,0x69,0x67,0x68,0x70,0x20,0x73,
    0x61,0x6d,0x70,0x6c,0x65,0x72,0x32,0x44,0x20,0x74,0x65,0x78,0x5f,0x64,0x65,0x62,
    0x75,0x67,0x5f,0x73,0x6d,0x70,0x3b,0x0a,0x75,0x6e,0x69,0x66,0x6f,0x72,0x6d,0x20,
    0x68,0x69,0x67,0x68,0x70,0x20,0x73,0x61,0x6d,0x70,0x6c,0x65,0x72,0x32,0x44,0x20,
    0x74,0x65,0x78,0x5f,0x73,0x6d,0x70,0x3b,0x0a,0x0a,0x69,0x6e,0x20,0x68,0x69,0x67,
    0x68,0x70,0x20,0x76,0x65,0x63,0x32,0x20,0x75,0x76,0x3b,0x0a,0x6c,0x61,0x79,0x6f,
    0x75,0x74,0x28,0x6c,0x6f,0x63,0x61,0x74,0x69,0x6f,0x6e,0x20,0x3d,0x20,0x30,0x29,
    0x20,0x6f,0x75,0x74,0x20,0x68,0x69,0x67,0x68,0x70,0x20,0x76,0x65,0x63,0x34,0x20,
    0x66,0x72,0x61,0x67,0x5f,0x63,0x6f,0x6c,0x6f,0x72,0x3b,0x0a,0x0a,0x62,0x6f,0x6f,
    0x6c,0x20,0x69,0x6e,0x74,0x65,0x67,0x65,0x72,0x5f,0x73,0x63,0x61,0x6c,0x65,0x28,
    0x29,0x0a,0x7b,0x0a,0x20,0x20,0x20,0x20,0x62,0x6f,0x6f,0x6c,0x20,0x5f,0x31,0x32,
    0x32,0x20,0x3d,0x20,0x61,0x6c,0x6c,0x28,0x67,0x72,0x65,0x61,0x74,0x65,0x72,0x54,
    0x68,0x61,0x6e,0x45,0x71,0x75,0x61,0x6c,0x28,0x73,0x5f,0x62,0x75,0x66,0x66,0x65,
    0x72,0x5f,0x70,0x61,0x72,0x61,0x6d,0x73,0x5b,0x32,0x5d,0x2e,0x78,0x79,0x2c,0x20,
    0x76,0x65,0x63,0x32,0x28,0x31,0x2e,0x30,0x29,0x29,0x29,0x3b,0x0a,0x20,0x20,0x20,
    0x20,0x62,0x6f,0x6f,0x6c,0x20,0x5f,0x31,0x33,0x32,0x3b,0x0a,0x20,0x20,0x20,0x20,
    0x69,0x66,0x20,0x28,0x5f,0x31,0x32,0x32,0x29,0x0a,0x20,0x20,0x20,0x20,0x7b,0x0a,
    0x20,0x20,0x20,0x20,0x20,0x20,0x20,0x20,0x5f,0x31,0x33,0x32,0x20,0x3d,0x20,0x61,
    0x6c,0x6c,0x28,0x65,0x71,0x75,0x61,0x6c,0x28,0x73,0x5f,0x62,0x75,0x66,0x66,0x65,
    0x72,0x5f,0x70,0x61,0x72,0x61,0x6d,0x73,0x5b,0x32,0x5d,0x2e,0x78,0x79,0x2c,0x20,
    0x66,0x6c,0x6f,0x6f,0x72,0x28,0x73,0x5f,0x62,0x75,0x66,0x66,0x65,0x72,0x5f,0x70,
    0x61,0x72,0x61,0x6d,0x73,0x5b,0x32,0x5d,0x2e,0x78,0x79,0x29,0x29,0x29,0x3b,0x0a,
    0x20,0x20,0x20,0x20,0x7d,0x0a,0x20,0x20,0x20,0x20,0x65,0x6c,0x73,0x65,0x0a,0x20,
    0x20,0x20,0x20,0x7b,0x0a,0x20,0x20,0x20,0x20,0x20,0x20,0x20,0x20,0x5f,0x31,0x33,
    0x32,0x20,0x3d,0x20,0x5f,0x31,0x32,0x32,0x3b,0x0a,0x20,0x20,0x20,0x20,0x7d,0x0a,
    0x20,0x20,0x20,0x20,0x72,0x65,0x74,0x75,0x72,0x6e,0x20,0x5f,0x31,0x33,0x32,0x3b,
    0x0a,0x7d,0x0a,0x0a,0x68,0x69,0x67,0x68,0x70,0x20,0x76,0x65,0x63,0x32,0x20,0x75,
    0x76,0x5f,0x69,0x71,0x28,0x68,0x69,0x67,0x68,0x70,0x20,0x76,0x65,0x63,0x32,0x20,
    0x75,0x76,0x5f,0x31,0x2c,0x20,0x69,0x76,0x65,0x63,0x32,0x20,0x74,0x65,0x78,0x74,
    0x75,0x72,0x65,0x5f,0x73,0x69,0x7a,0x65,0x29,0x0a,0x7b,0x0a,0x20,0x20,0x20,0x20,
    0x68,0x69,0x67,0x68,0x70,0x20,0x76,0x65,0x63,0x32,0x20,0x5f,0x33,0x34,0x20,0x3d,
    0x20,0x75,0x76,0x5f,0x31,0x20,0x2a,0x20,0x76,0x65,0x63,0x32,0x28,0x74,0x65,0x78,
    0x74,0x75,0x72,0x65,0x5f,0x73,0x69,0x7a,0x65,0x29,0x3b,0x0a,0x20,0x20,0x20,0x20,
    0x68,0x69,0x67,0x68,0x70,0x20,0x76,0x65,0x63,0x32,0x20,0x5f,0x34,0x30,0x20,0x3d,
    0x20,0x66,0x6c,0x6f,0x6f,0x72,0x28,0x5f,0x33,0x34,0x20,0x2b,0x20,0x76,0x65,0x63,
    0x32,0x28,0x30,0x2e,0x35,0x29,0x29,0x3b,0x0a,0x20,0x20,0x20,0x20,0x72,0x65,0x74,
    0x75,0x72,0x6e,0x20,0x28,0x5f,0x34,0x30,0x20,0x2b,0x20,0x63,0x6c,0x61,0x6d,0x70,
    0x28,0x28,0x5f,0x33,0x34,0x20,0x2d,0x20,0x5f,0x34,0x30,0x29,0x20,0x2f,0x20,0x66,
    0x77,0x69,0x64,0x74,0x68,0x28,0x5f,0x33,0x34,0x29,0x2c,0x20,0x76,0x65,0x63,0x32,
    0x28,0x2d,0x30,0x2e,0x35,0x29,0x2c,0x20,0x76,0x65,0x63,0x32,0x28,0x30,0x2e,0x35,
    0x29,0x29,0x29,0x20,0x2f,0x20,0x76,0x65,0x63,0x32,0x28,0x74,0x65,0x78,0x74,0x75,
    0x72,0x65,0x5f,0x73,0x69,0x7a,0x65,0x29,0x3b,0x0a,0x7d,0x0a,0x0a,0x68,0x69,0x67,
    0x68,0x70,0x20,0x76,0x65,0x63,0x33,0x20,0x70,0x61,0x6c,0x65,0x74,0x74,0x65,0x5f,
    0x63,0x6f,0x6c,0x6f,0x72,0x28,0x69,0x6e,0x6f,0x75,0x74,0x20,0x69,0x76,0x65,0x63,
    0x32,0x20,0x70,0x6f,0x73,0x29,0x0a,0x7b,0x0a,0x20,0x20,0x20,0x20,0x70,0x6f,0x73,
    0x20,0x3d,0x20,0x63,0x6c,0x61,0x6d,0x70,0x28,0x70,0x6f,0x73,0x2c,0x20,0x69,0x76,
    0x65,0x63,0x32,0x28,0x30,0x29,0x2c,0x20,0x74,0x65,0x78,0x74,0x75,0x72,0x65,0x53,
    0x69,0x7a,0x65,0x28,0x74,0x65,0x78,0x5f,0x73,0x6d,0x70,0x2c,0x20,0x30,0x29,0x20,
    0x2d,0x20,0x69,0x76,0x65,0x63,0x32,0x28,0x31,0x29,0x29,0x3b,0x0a,0x20,0x20,0x20,
    0x20,0x72,0x65,0x74,0x75,0x72,0x6e,0x20,0x73,0x5f,0x63,0x6f,0x6c,0x6f,0x72,0x73,
    0x5b,0x69,0x6e,0x74,0x28,0x28,0x74,0x65,0x78,0x65,0x6c,0x46,0x65,0x74,0x63,0x68,
    0x28,0x74,0x65,0x78,0x5f,0x73,0x6d,0x70,0x2c,0x20,0x70,0x6f,0x73,0x2c,0x20,0x30,
    0x29,0x2e,0x78,0x20,0x2a,0x20,0x32,0x35,0x35,0x2e,0x30,0x29,0x20,0x2b,0x20,0x30,
    0x2e,0x35,0x29,0x20,0x2a,0x20,0x31,0x20,0x2b,0x20,0x30,0x5d,0x2e,0x78,0x79,0x7a,
    0x3b,0x0a,0x7d,0x0a,0x0a,0x68,0x69,0x67,0x68,0x70,0x20,0x76,0x65,0x63,0x33,0x20,
    0x73,0x61,0x6d,0x70,0x6c,0x65,0x5f,0x70,0x61,0x6c,0x65,0x74,0x74,0x65,0x28,0x68,
    0x69,0x67,0x68,0x70,0x20,0x76,0x65,0x63,0x32,0x20,0x73,0x61,0x6d,0x70,0x6c,0x65,
    0x5f,0x75,0x76,0x29,0x0a,0x7b,0x0a,0x20,0x20,0x20,0x20,0x68,0x69,0x67,0x68,0x70,
    0x20,0x76,0x65,0x63,0x32,0x20,0x5f,0x31,0x34,0x31,0x20,0x3d,0x20,0x76,0x65,0x63,
    0x32,0x28,0x74,0x65,0x78,0x74,0x75,0x72,0x65,0x53,0x69,0x7a,0x65,0x28,0x74,0x65,
    0x78,0x5f,0x73,0x6d,0x70,0x2c,0x20,0x30,0x29,0x29,0x3b,0x0a,0x20,0x20,0x20,0x20,
    0x62,0x6f,0x6f,0x6c,0x20,0x5f,0x31,0x34,0x38,0x20,0x3d,0x20,0x5f,0x31,0x34,0x34,
    0x2e,0x66,0x69,0x6c,0x74,0x65,0x72,0x5f,0x6d,0x6f,0x64,0x65,0x20,0x3d,0x3d,0x20,
    0x31,0x3b,0x0a,0x20,0x20,0x20,0x20,0x62,0x6f,0x6f,0x6c,0x20,0x5f,0x31,0x35,0x33,
    0x3b,0x0a,0x20,0x20,0x20,0x20,0x69,0x66,0x20,0x28,0x21,0x5f,0x31,0x34,0x38,0x29,
    0x0a,0x20,0x20,0x20,0x20,0x7b,0x0a,0x20,0x20,0x20,0x20,0x20,0x20,0x20,0x20,0x5f,
    0x31,0x35,0x33,0x20,0x3d,0x20,0x69,0x6e,0x74,0x65,0x67,0x65,0x72,0x5f,0x73,0x63,
    0x61,0x6c,0x65,0x28,0x29,0x3b,0x0a,0x20,0x20,0x20,0x20,0x7d,0x0a,0x20,0x20,0x20,
    0x20,0x65,0x6c,0x73,0x65,0x0a,0x20,0x20,0x20,0x20,0x7b,0x0a,0x20,0x20,0x20,0x20,
    0x20,0x20,0x20,0x20,0x5f,0x31,0x35,0x33,0x20,0x3d,0x20,0x5f,0x31,0x34,0x38,0x3b,
    0x0a,0x20,0x20,0x20,0x20,0x7d,0x0a,0x20,0x20,0x20,0x20,0x69,0x66,0x20,0x28,0x5f,
    0x31,0x35,0x33,0x29,0x0a,0x20,0x20,0x20,0x20,0x7b,0x0a,0x20,0x20,0x20,0x20,0x20,
    0x20,0x20,0x20,0x69,0x76,0x65,0x63,0x32,0x20,0x70,0x61,0x72,0x61,0x6d,0x20,0x3d,
    0x20,0x69,0x76,0x65,0x63,0x32,0x28,0x66,0x6c,0x6f,0x6f,0x72,0x28,0x73,0x61,0x6d,
    0x70,0x6c,0x65,0x5f,0x75,0x76,0x20,0x2a,0x20,0x5f,0x31,0x34,0x31,0x29,0x29,0x3b,
    0x0a,0x20,0x20,0x20,0x20,0x20,0x20,0x20,0x20,0x68,0x69,0x67,0x68,0x70,0x20,0x76,
    0x65,0x63,0x33,0x20,0x5f,0x31,0x36,0x32,0x20,0x3d,0x20,0x70,0x61,0x6c,0x65,0x74,
    0x74,0x65,0x5f,0x63,0x6f,0x6c,0x6f,0x72,0x28,0x70,0x61,0x72,0x61,0x6d,0x29,0x3b,
    0x0a,0x20,0x20,0x20,0x20,0x20,0x20,0x20,0x20,0x72,0x65,0x74,0x75,0x72,0x6e,0x20,
    0x5f,0x31,0x36,0x32,0x3b,0x0a,0x20,0x20,0x20,0x20,0x7d,0x0a,0x20,0x20,0x20,0x20,
    0x69,0x66,0x20,0x28,0x5f,0x31,0x34,0x34,0x2e,0x66,0x69,0x6c,0x74,0x65,0x72,0x5f,
    0x6d,0x6f,0x64,0x65,0x20,0x3d,0x3d,0x20,0x32,0x29,0x0a,0x20,0x20,0x20,0x20,0x7b,
    0x0a,0x20,0x20,0x20,0x20,0x20,0x20,0x20,0x20,0x68,0x69,0x67,0x68,0x70,0x20,0x66,
    0x6c,0x6f,0x61,0x74,0x20,0x5f,0x31,0x37,0x37,0x20,0x3d,0x20,0x6d,0x61,0x78,0x28,
    0x31,0x2e,0x30,0x2c,0x20,0x66,0x6c,0x6f,0x6f,0x72,0x28,0x73,0x5f,0x62,0x75,0x66,
    0x66,0x65,0x72,0x5f,0x70,0x61,0x72,0x61,0x6d,0x73,0x5b,0x32,0x5d,0x2e,0x78,0x20,
    0x2b,0x20,0x30,0x2e,0x35,0x29,0x29,0x3b,0x0a,0x20,0x20,0x20,0x20,0x20,0x20,0x20,
    0x20,0x68,0x69,0x67,0x68,0x70,0x20,0x76,0x65,0x63,0x32,0x20,0x5f,0x31,0x38,0x35,
    0x20,0x3d,0x20,0x28,0x28,0x73,0x61,0x6d,0x70,0x6c,0x65,0x5f,0x75,0x76,0x20,0x2a,
    0x20,0x5f,0x31,0x34,0x31,0x29,0x20,0x2a,0x20,0x5f,0x31,0x37,0x37,0x29,0x20,0x2d,
    0x20,0x76,0x65,0x63,0x32,0x28,0x30,0x2e,0x35,0x29,0x3b,0x0a,0x20,0x20,0x20,0x20,
    0x20,0x20,0x20,0x20,0x68,0x69,0x67,0x68,0x70,0x20,0x76,0x65,0x63,0x32,0x20,0x5f,
    0x31,0x38,0x38,0x20,0x3d,0x20,0x66,0x6c,0x6f,0x6f,0x72,0x28,0x5f,0x31,0x38,0x35,
    0x29,0x3b,0x0a,0x20,0x20,0x20,0x20,0x20,0x20,0x20,0x20,0x68,0x69,0x67,0x68,0x70,
    0x20,0x76,0x65,0x63,0x32,0x20,0x5f,0x31,0x39,0x31,0x20,0x3d,0x20,0x66,0x72,0x61,
    0x63,0x74,0x28,0x5f,0x31,0x38,0x35,0x29,0x3b,0x0a,0x20,0x20,0x20,0x20,0x20,0x20,
    0x20,0x20,0x68,0x69,0x67,0x68,0x70,0x20,0x76,0x65,0x63,0x32,0x20,0x5f,0x31,0x39,
    0x35,0x20,0x3d,0x20,0x76,0x65,0x63,0x32,0x28,0x5f,0x31,0x37,0x37,0x29,0x3b,0x0a,
    0x20,0x20,0x20,0x20,0x20,0x20,0x20,0x20,0x69,0x76,0x65,0x63,0x32,0x20,0x5f,0x31,
    0x39,0x38,0x20,0x3d,0x20,0x69,0x76,0x65,0x63,0x32,0x28,0x66,0x6c,0x6f,0x6f,0x72,
    0x28,0x5f,0x31,0x38,0x38,0x20,0x2f,0x20,0x5f,0x31,0x39,0x35,0x29,0x29,0x3b,0x0a,
    0x20,0x20,0x20,0x20,0x20,0x20,0x20,0x20,0x69,0x76,0x65,0x63,0x32,0x20,0x5f,0x32,
    0x30,0x37,0x20,0x3d,0x20,0x69,0x76,0x65,0x63,0x32,0x28,0x66,0x6c,0x6f,0x6f,0x72,
    0x28,0x28,0x5f,0x31,0x38,0x38,0x20,0x2b,0x20,0x76,0x65,0x63,0x32,0x28,0x31,0x2e,
    0x30,0x29,0x29,0x20,0x2f,0x20,0x5f,0x31,0x39,0x35,0x29,0x29,0x3b,0x0a,0x20,0x20,
    0x20,0x20,0x20,0x20,0x20,0x20,0x69,0x76,0x65,0x63,0x32,0x20,0x70,0x61,0x72,0x61,
    0x6d,0x5f,0x31,0x20,0x3d,0x20,0x5f,0x31,0x39,0x38,0x3b,0x0a,0x20,0x20,0x20,0x20,
    0x20,0x20,0x20,0x20,0x68,0x69,0x67,0x68,0x70,0x20,0x76,0x65,0x63,0x33,0x20,0x5f,
    0x32,0x31,0x32,0x20,0x3d,0x20,0x70,0x61,0x6c,0x65,0x74,0x74,0x65,0x5f,0x63,0x6f,
    0x6c,0x6f,0x72,0x28,0x70,0x61,0x72,0x61,0x6d,0x5f,0x31,0x29,0x3b,0x0a,0x20,0x20,
    0x20,0x20,0x20,0x20,0x20,0x20,0x69,0x76,0x65,0x63,0x32,0x20,0x70,0x61,0x72,0x61,
    0x6d,0x5f,0x32,0x20,0x3d,0x20,0x69,0x76,0x65,0x63,0x32,0x28,0x5f,0x32,0x30,0x37,
    0x2e,0x78,0x2c,0x20,0x5f,0x31,0x39,0x38,0x2e,0x79,0x29,0x3b,0x0a,0x20,0x20,0x20,
    0x20,0x20,0x20,0x20,0x20,0x68,0x69,0x67,0x68,0x70,0x20,0x76,0x65,0x63,0x33,0x20,
    0x5f,0x32,0x32,0x30,0x20,0x3d,0x20,0x70,0x61,0x6c,0x65,0x74,0x74,0x65,0x5f,0x63,
    0x6f,0x6c,0x6f,0x72,0x28,0x70,0x61,0x72,0x61,0x6d,0x5f,0x32,0x29,0x3b,0x0a,0x20,
    0x20,0x20,0x20,0x20,0x20,0x20,0x20,0x68,0x69,0x67,0x68,0x70,0x20,0x76,0x65,0x63,
    0x33,0x20,0x5f,0x32,0x32,0x33,0x20,0x3d,0x20,0x76,0x65,0x63,0x33,0x28,0x5f,0x31,
    0x39,0x31,0x2e,0x78,0x29,0x3b,0x0a,0x20,0x20,0x20,0x20,0x20,0x20,0x20,0x20,0x69,
    0x76,0x65,0x63,0x32,0x20,0x70,0x61,0x72,0x61,0x6d,0x5f,0x33,0x20,0x3d,0x20,0x69,
    0x76,0x65,0x63,0x32,0x28,0x5f,0x31,0x39,0x38,0x2e,0x78,0x2c,0x20,0x5f,0x32,0x30,
    0x37,0x2e,0x79,0x29,0x3b,0x0a,0x20,0x20,0x20,0x20,0x20,0x20,0x20,0x20,0x68,0x69,
    0x67,0x68,0x70,0x20,0x76,0x65,0x63,0x33,0x20,0x5f,0x32,0x33,0x32,0x20,0x3d,0x20,
    0x70,0x61,0x6c,0x65,0x74,0x74,0x65,0x5f,0x63,0x6f,0x6c,0x6f,0x72,0x28,0x70,0x61,
    0x72,0x61,0x6d,0x5f,0x33,0x29,0x3b,0x0a,0x20,0x20,0x20,0x20,0x20,0x20,0x20,0x20,
    0x69,0x76,0x65,0x63,0x32,0x20,0x70,0x61,0x72,0x61,0x6d,0x5f,0x34,0x20,0x3d,0x20,
    0x5f,0x32,0x30,0x37,0x3b,0x0a,0x20,0x20,0x20,0x20,0x20,0x20,0x20,0x20,0x68,0x69,
    0x67,0x68,0x70,0x20,0x76,0x65,0x63,0x33,0x20,0x5f,0x32,0x33,0x35,0x20,0x3d,0x20,
    0x70,0x61,0x6c,0x65,0x74,0x74,0x65,0x5f,0x63,0x6f,0x6c,0x6f,0x72,0x28,0x70,0x61,
    0x72,0x61,0x6d,0x5f,0x34,0x29,0x3b,0x0a,0x20,0x20,0x20,0x20,0x20,0x20,0x20,0x20,
    0x72,0x65,0x74,0x75,0x72,0x6e,0x20,0x6d,0x69,0x78,0x28,0x6d,0x69,0x78,0x28,0x5f,
    0x32,0x31,0x32,0x2c,0x20,0x5f,0x32,0x32,0x30,0x2c,0x20,0x5f,0x32,0x32,0x33,0x29,
    0x2c,0x20,0x6d,0x69,0x78,0x28,0x5f,0x32,0x33,0x32,0x2c,0x20,0x5f,0x32,0x33,0x35,
    0x2c,0x20,0x5f,0x32,0x32,0x33,0x29,0x2c,0x20,0x76,0x65,0x63,0x33,0x28,0x5f,0x31,
    0x39,0x31,0x2e,0x79,0x29,0x29,0x3b,0x0a,0x20,0x20,0x20,0x20,0x7d,0x0a,0x20,0x20,
    0x20,0x20,0x68,0x69,0x67,0x68,0x70,0x20,0x76,0x65,0x63,0x32,0x20,0x5f,0x32,0x35,
    0x32,0x20,0x3d,0x20,0x28,0x73,0x61,0x6d,0x70,0x6c,0x65,0x5f,0x75,0x76,0x20,0x2a,
    0x20,0x5f,0x31,0x34,0x31,0x29,0x20,0x2d,0x20,0x76,0x65,0x63,0x32,0x28,0x30,0x2e,
    0x35,0x29,0x3b,0x0a,0x20,0x20,0x20,0x20,0x69,0x76,0x65,0x63,0x32,0x20,0x5f,0x32,
    0x35,0x36,0x20,0x3d,0x20,0x69,0x76,0x65,0x63,0x32,0x28,0x66,0x6c,0x6f,0x6f,0x72,
    0x28,0x5f,0x32,0x35,0x32,0x29,0x29,0x3b,0x0a,0x20,0x20,0x20,0x20,0x68,0x69,0x67,
    0x68,0x70,0x20,0x76,0x65,0x63,0x32,0x20,0x5f,0x32,0x35,0x39,0x20,0x3d,0x20,0x66,
    0x72,0x61,0x63,0x74,0x28,0x5f,0x32,0x35,0x32,0x29,0x3b,0x0a,0x20,0x20,0x20,0x20,
    0x69,0x76,0x65,0x63,0x32,0x20,0x70,0x61,0x72,0x61,0x6d,0x5f,0x35,0x20,0x3d,0x20,
    0x5f,0x32,0x35,0x36,0x3b,0x0a,0x20,0x20,0x20,0x20,0x68,0x69,0x67,0x68,0x70,0x20,
    0x76,0x65,0x63,0x33,0x20,0x5f,0x32,0x36,0x33,0x20,0x3d,0x20,0x70,0x61,0x6c,0x65,
    0x74,0x74,0x65,0x5f,0x63,0x6f,0x6c,0x6f,0x72,0x28,0x70,0x61,0x72,0x61,0x6d,0x5f,
    0x35,0x29,0x3b,0x0a,0x20,0x20,0x20,0x20,0x69,0x76,0x65,0x63,0x32,0x20,0x70,0x61,
    0x72,0x61,0x6d,0x5f,0x36,0x20,0x3d,0x20,0x5f,0x32,0x35,0x36,0x20,0x2b,0x20,0x69,
    0x76,0x65,0x63,0x32,0x28,0x31,0x2c,0x20,0x30,0x29,0x3b,0x0a,0x20,0x20,0x20,0x20,
    0x68,0x69,0x67,0x68,0x70,0x20,0x76,0x65,0x63,0x33,0x20,0x5f,0x32,0x36,0x38,0x20,
    0x3d,0x20,0x70,0x61,0x6c,0x65,0x74,0x74,0x65,0x5f,0x63,0x6f,0x6c,0x6f,0x72,0x28,
    0x70,0x61,0x72,0x61,0x6d,0x5f,0x36,0x29,0x3b,0x0a,0x20,0x20,0x20,0x20,0x68,0x69,
    0x67,0x68,0x70,0x20,0x76,0x65,0x63,0x33,0x20,0x5f,0x32,0x37,0x31,0x20,0x3d,0x20,
    0x76,0x65,0x63,0x33,0x28,0x5f,0x32,0x35,0x39,0x2e,0x78,0x29,0x3b,0x0a,0x20,0x20,
    0x20,0x20,0x69,0x76,0x65,0x63,0x32,0x20,0x70,0x61,0x72,0x61,0x6d,0x5f,0x37,0x20,
    0x3d,0x20,0x5f,0x32,0x35,0x36,0x20,0x2b,0x20,0x69,0x76,0x65,0x63,0x32,0x28,0x30,
    0x2c,0x20,0x31,0x29,0x3b,0x0a,0x20,0x20,0x20,0x20,0x68,0x69,0x67,0x68,0x70,0x20,
    0x76,0x65,0x63,0x33,0x20,0x5f,0x32,0x37,0x38,0x20,0x3d,0x20,0x70,0x61,0x6c,0x65,
    0x74,0x74,0x65,0x5f,0x63,0x6f,0x6c,0x6f,0x72,0x28,0x70,0x61,0x72,0x61,0x6d,0x5f,
    0x37,0x29,0x3b,0x0a,0x20,0x20,0x20,0x20,0x69,0x76,0x65,0x63,0x32,0x20,0x70,0x61,
    0x72,0x61,0x6d,0x5f,0x38,0x20,0x3d,0x20,0x5f,0x32,0x35,0x36,0x20,0x2b,0x20,0x69,
    0x76,0x65,0x63,0x32,0x28,0x31,0x29,0x3b,0x0a,0x20,0x20,0x20,0x20,0x68,0x69,0x67,
    0x68,0x70,0x20,0x76,0x65,0x63,0x33,0x20,0x5f,0x32,0x38,0x33,0x20,0x3d,0x20,0x70,
    0x61,0x6c,0x65,0x74,0x74,0x65,0x5f,0x63,0x6f,0x6c,0x6f,0x72,0x28,0x70,0x61,0x72,
    0x61,0x6d,0x5f,0x38,0x29,0x3b,0x0a,0x20,0x20,0x20,0x20,0x72,0x65,0x74,0x75,0x72,
    0x6e,0x20,0x6d,0x69,0x78,0x28,0x6d,0x69,0x78,0x28,0x5f,0x32,0x36,0x33,0x2c,0x20,
    0x5f,0x32,0x36,0x38,0x2c,0x20,0x5f,0x32,0x37,0x31,0x29,0x2c,0x20,0x6d,0x69,0x78,
    0x28,0x5f,0x32,0x37,0x38,0x2c,0x20,0x5f,0x32,0x38,0x33,0x2c,0x20,0x5f,0x32,0x37,
    0x31,0x29,0x2c,0x20,0x76,0x65,0x63,0x33,0x28,0x5f,0x32,0x35,0x39,0x2e,0x79,0x29,
    0x29,0x3b,0x0a,0x7d,0x0a,0x0a,0x76,0x6f,0x69,0x64,0x20,0x6d,0x61,0x69,0x6e,0x28,
    0x29,0x0a,0x7b,0x0a,0x20,0x20,0x20,0x20,0x68,0x69,0x67,0x68,0x70,0x20,0x76,0x65,
    0x63,0x32,0x20,0x5f,0x33,0x30,0x38,0x20,0x3d,0x20,0x28,0x75,0x76,0x20,0x2a,0x20,
    0x73,0x5f,0x62,0x75,0x66,0x66,0x65,0x72,0x5f,0x70,0x61,0x72,0x61,0x6d,0x73,0x5b,
    0x31,0x5d,0x2e,0x7a,0x77,0x29,0x20,0x2d,0x20,0x73,0x5f,0x62,0x75,0x66,0x66,0x65,
    0x72,0x5f,0x70,0x61,0x72,0x61,0x6d,0x73,0x5b,0x30,0x5d,0x2e,0x78,0x79,0x3b,0x0a,
    0x20,0x20,0x20,0x20,0x68,0x69,0x67,0x68,0x70,0x20,0x66,0x6c,0x6f,0x61,0x74,0x20,
    0x5f,0x33,0x31,0x30,0x20,0x3d,0x20,0x5f,0x33,0x30,0x38,0x2e,0x78,0x3b,0x0a,0x20,
    0x20,0x20,0x20,0x62,0x6f,0x6f,0x6c,0x20,0x5f,0x33,0x31,0x32,0x20,0x3d,0x20,0x5f,
    0x33,0x31,0x30,0x20,0x3c,0x20,0x30,0x2e,0x30,0x3b,0x0a,0x20,0x20,0x20,0x20,0x62,
    0x6f,0x6f,0x6c,0x20,0x5f,0x33,0x31,0x39,0x3b,0x0a,0x20,0x20,0x20,0x20,0x69,0x66,
    0x20,0x28,0x21,0x5f,0x33,0x31,0x32,0x29,0x0a,0x20,0x20,0x20,0x20,0x7b,0x0a,0x20,
    0x20,0x20,0x20,0x20,0x20,0x20,0x20,0x5f,0x33,0x31,0x39,0x20,0x3d,0x20,0x5f,0x33,
    0x30,0x38,0x2e,0x79,0x20,0x3c,0x20,0x30,0x2e,0x30,0x3b,0x0a,0x20,0x20,0x20,0x20,
    0x7d,0x0a,0x20,0x20,0x20,0x20,0x65,0x6c,0x73,0x65,0x0a,0x20,0x20,0x20,0x20,0x7b,
    0x0a,0x20,0x20,0x20,0x20,0x20,0x20,0x20,0x20,0x5f,0x33,0x31,0x39,0x20,0x3d,0x20,
    0x5f,0x33,0x31,0x32,0x3b,0x0a,0x20,0x20,0x20,0x20,0x7d,0x0a,0x20,0x20,0x20,0x20,
    0x62,0x6f,0x6f,0x6c,0x20,0x5f,0x33,0x32,0x38,0x3b,0x0a,0x20,0x20,0x20,0x20,0x69,
    0x66,0x20,0x28,0x21,0x5f,0x33,0x31,0x39,0x29,0x0a,0x20,0x20,0x20,0x20,0x7b,0x0a,
    0x20,0x20,0x20,0x20,0x20,0x20,0x20,0x20,0x5f,0x33,0x32,0x38,0x20,0x3d,0x20,0x5f,
    0x33,0x31,0x30,0x20,0x3e,0x3d,0x20,0x73,0x5f,0x62,0x75,0x66,0x66,0x65,0x72,0x5f,
    0x70,0x61,0x72,0x61,0x6d,0x73,0x5b,0x30,0x5d,0x2e,0x7a,0x3b,0x0a,0x20,0x20,0x20,
    0x20,0x7d,0x0a,0x20,0x20,0x20,0x20,0x65,0x6c,0x73,0x65,0x0a,0x20,0x20,0x20,0x20,
    0x7b,0x0a,0x20,0x20,0x20,0x20,0x20,0x20,0x20,0x20,0x5f,0x33,0x32,0x38,0x20,0x3d,
    0x20,0x5f,0x33,0x31,0x39,0x3b,0x0a,0x20,0x20,0x20,0x20,0x7d,0x0a,0x20,0x20,0x20,
    0x20,0x62,0x6f,0x6f,0x6c,0x20,0x5f,0x33,0x33,0x37,0x3b,0x0a,0x20,0x20,0x20,0x20,
    0x69,0x66,0x20,0x28,0x21,0x5f,0x33,0x32,0x38,0x29,0x0a,0x20,0x20,0x20,0x20,0x7b,
    0x0a,0x20,0x20,0x20,0x20,0x20,0x20,0x20,0x20,0x5f,0x33,0x33,0x37,0x20,0x3d,0x20,
    0x5f,0x33,0x30,0x38,0x2e,0x79,0x20,0x3e,0x3d,0x20,0x73,0x5f,0x62,0x75,0x66,0x66,
    0x65,0x72,0x5f,0x70,0x61,0x72,0x61,0x6d,0x73,0x5b,0x30,0x5d,0x2e,0x77,0x3b,0x0a,
    0x20,0x20,0x20,0x20,0x7d,0x0a,0x20,0x20,0x20,0x20,0x65,0x6c,0x73,0x65,0x0a,0x20,
    0x20,0x20,0x20,0x7b,0x0a,0x20,0x20,0x20,0x20,0x20,0x20,0x20,0x20,0x5f,0x33,0x33,
    0x37,0x20,0x3d,0x20,0x5f,0x33,0x32,0x38,0x3b,0x0a,0x20,0x20,0x20,0x20,0x7d,0x0a,
    0x20,0x20,0x20,0x20,0x69,0x66,0x20,0x28,0x5f,0x33,0x33,0x37,0x29,0x0a,0x20,0x20,
    0x20,0x20,0x7b,0x0a,0x20,0x20,0x20,0x20,0x20,0x20,0x20,0x20,0x66,0x72,0x61,0x67,
    0x5f,0x63,0x6f,0x6c,0x6f,0x72,0x20,0x3d,0x20,0x76,0x65,0x63,0x34,0x28,0x73,0x5f,
    0x63,0x6f,0x6c,0x6f,0x72,0x73,0x5b,0x30,0x5d,0x2e,0x78,0x79,0x7a,0x2c,0x20,0x31,
    0x2e,0x30,0x29,0x3b,0x0a,0x20,0x20,0x20,0x20,0x20,0x20,0x20,0x20,0x72,0x65,0x74,
    0x75,0x72,0x6e,0x3b,0x0a,0x20,0x20,0x20,0x20,0x7d,0x0a,0x20,0x20,0x20,0x20,0x68,
    0x69,0x67,0x68,0x70,0x20,0x76,0x65,0x63,0x32,0x20,0x5f,0x33,0x35,0x34,0x20,0x3d,
    0x20,0x5f,0x33,0x30,0x38,0x20,0x2f,0x20,0x73,0x5f,0x62,0x75,0x66,0x66,0x65,0x72,
    0x5f,0x70,0x61,0x72,0x61,0x6d,0x73,0x5b,0x30,0x5d,0x2e,0x7a,0x77,0x3b,0x0a,0x20,
    0x20,0x20,0x20,0x5f,0x33,0x35,0x34,0x2e,0x79,0x20,0x3d,0x20,0x31,0x2e,0x30,0x20,
    0x2d,0x20,0x5f,0x33,0x35,0x34,0x2e,0x79,0x3b,0x0a,0x20,0x20,0x20,0x20,0x68,0x69,
    0x67,0x68,0x70,0x20,0x76,0x65,0x63,0x32,0x20,0x74,0x65,0x78,0x5f,0x75,0x76,0x20,
    0x3d,0x20,0x5f,0x33,0x35,0x34,0x3b,0x0a,0x20,0x20,0x20,0x20,0x69,0x76,0x65,0x63,
    0x32,0x20,0x5f,0x33,0x36,0x35,0x20,0x3d,0x20,0x74,0x65,0x78,0x74,0x75,0x72,0x65,
    0x53,0x69,0x7a,0x65,0x28,0x74,0x65,0x78,0x5f,0x64,0x65,0x62,0x75,0x67,0x5f,0x73,
    0x6d,0x70,0x2c,0x20,0x30,0x29,0x3b,0x0a,0x20,0x20,0x20,0x20,0x69,0x6e,0x74,0x20,
    0x5f,0x33,0x38,0x36,0x20,0x3d,0x20,0x69,0x6e,0x74,0x28,0x28,0x74,0x65,0x78,0x65,
    0x6c,0x46,0x65,0x74,0x63,0x68,0x28,0x74,0x65,0x78,0x5f,0x64,0x65,0x62,0x75,0x67,
    0x5f,0x73,0x6d,0x70,0x2c,0x20,0x63,0x6c,0x61,0x6d,0x70,0x28,0x69,0x76,0x65,0x63,
    0x32,0x28,0x5f,0x33,0x35,0x34,0x20,0x2a,0x20,0x76,0x65,0x63,0x32,0x28,0x5f,0x33,
    0x36,0x35,0x29,0x29,0x2c,0x20,0x69,0x76,0x65,0x63,0x32,0x28,0x30,0x29,0x2c,0x20,
    0x5f,0x33,0x36,0x35,0x20,0x2d,0x20,0x69,0x76,0x65,0x63,0x32,0x28,0x31,0x29,0x29,
    0x2c,0x20,0x30,0x29,0x2e,0x78,0x20,0x2a,0x20,0x32,0x35,0x35,0x2e,0x30,0x29,0x20,
    0x2b,0x20,0x30,0x2e,0x35,0x29,0x3b,0x0a,0x20,0x20,0x20,0x20,0x62,0x6f,0x6f,0x6c,
    0x20,0x5f,0x33,0x39,0x34,0x20,0x3d,0x20,0x5f,0x31,0x34,0x34,0x2e,0x66,0x69,0x6c,
    0x74,0x65,0x72,0x5f,0x6d,0x6f,0x64,0x65,0x20,0x3d,0x3d,0x20,0x33,0x3b,0x0a,0x20,
    0x20,0x20,0x20,0x62,0x6f,0x6f,0x6c,0x20,0x5f,0x33,0x39,0x39,0x3b,0x0a,0x20,0x20,
    0x20,0x20,0x69,0x66,0x20,0x28,0x5f,0x33,0x39,0x34,0x29,0x0a,0x20,0x20,0x20,0x20,
    0x7b,0x0a,0x20,0x20,0x20,0x20,0x20,0x20,0x20,0x20,0x5f,0x33,0x39,0x39,0x20,0x3d,
    0x20,0x21,0x69,0x6e,0x74,0x65,0x67,0x65,0x72,0x5f,0x73,0x63,0x61,0x6c,0x65,0x28,
    0x29,0x3b,0x0a,0x20,0x20,0x20,0x20,0x7d,0x0a,0x20,0x20,0x20,0x20,0x65,0x6c,0x73,
    0x65,0x0a,0x20,0x20,0x20,0x20,0x7b,0x0a,0x20,0x20,0x20,0x20,0x20,0x20,0x20,0x20,
    0x5f,0x33,0x39,0x39,0x20,0x3d,0x20,0x5f,0x33,0x39,0x34,0x3b,0x0a,0x20,0x20,0x20,
    0x20,0x7d,0x0a,0x20,0x20,0x20,0x20,0x69,0x66,0x20,0x28,0x5f,0x33,0x39,0x39,0x29,
    0x0a,0x20,0x20,0x20,0x20,0x7b,0x0a,0x20,0x20,0x20,0x20,0x20,0x20,0x20,0x20,0x68,
    0x69,0x67,0x68,0x70,0x20,0x76,0x65,0x63,0x32,0x20,0x70,0x61,0x72,0x61,0x6d,0x20,
    0x3d,0x20,0x74,0x65,0x78,0x5f,0x75,0x76,0x3b,0x0a,0x20,0x20,0x20,0x20,0x20,0x20,
    0x20,0x20,0x69,0x76,0x65,0x63,0x32,0x20,0x70,0x61,0x72,0x61,0x6d,0x5f,0x31,0x20,
    0x3d,0x20,0x69,0x76,0x65,0x63,0x32,0x28,0x73,0x5f,0x62,0x75,0x66,0x66,0x65,0x72,
    0x5f,0x70,0x61,0x72,0x61,0x6d,0x73,0x5b,0x31,0x5d,0x2e,0x78,0x79,0x29,0x3b,0x0a,
    0x20,0x20,0x20,0x20,0x20,0x20,0x20,0x20,0x74,0x65,0x78,0x5f,0x75,0x76,0x20,0x3d,
    0x20,0x75,0x76,0x5f,0x69,0x71,0x28,0x70,0x61,0x72,0x61,0x6d,0x2c,0x20,0x70,0x61,
    0x72,0x61,0x6d,0x5f,0x31,0x29,0x3b,0x0a,0x20,0x20,0x20,0x20,0x7d,0x0a,0x20,0x20,
    0x20,0x20,0x68,0x69,0x67,0x68,0x70,0x20,0x76,0x65,0x63,0x32,0x20,0x70,0x61,0x72,
    0x61,0x6d,0x5f,0x32,0x20,0x3d,0x20,0x74,0x65,0x78,0x5f,0x75,0x76,0x3b,0x0a,0x20,
    0x20,0x20,0x20,0x66,0x72,0x61,0x67,0x5f,0x63,0x6f,0x6c,0x6f,0x72,0x20,0x3d,0x20,
    0x76,0x65,0x63,0x34,0x28,0x6d,0x69,0x78,0x28,0x73,0x61,0x6d,0x70,0x6c,0x65,0x5f,
    0x70,0x61,0x6c,0x65,0x74,0x74,0x65,0x28,0x70,0x61,0x72,0x61,0x6d,0x5f,0x32,0x29,
    0x2c,0x20,0x73,0x5f,0x63,0x6f,0x6c,0x6f,0x72,0x73,0x5b,0x5f,0x33,0x38,0x36,0x20,
    0x2a,0x20,0x31,0x20,0x2b,0x20,0x32,0x35,0x36,0x5d,0x2e,0x78,0x79,0x7a,0x2c,0x20,
    0x76,0x65,0x63,0x33,0x28,0x73,0x5f,0x63,0x6f,0x6c,0x6f,0x72,0x73,0x5b,0x5f,0x33,
    0x38,0x36,0x20,0x2a,0x20,0x31,0x20,0x2b,0x20,0x32,0x35,0x36,0x5d,0x2e,0x77,0x29,
    0x29,0x2c,0x20,0x31,0x2e,0x30,0x29,0x3b,0x0a,0x7d,0x0a,0x0a,0x00,
};
/*
    static float4 gl_Position;
    static float4 pos;
    static float2 uv;
    static float2 texcoord0;

    struct SPIRV_Cross_Input
    {
        float4 pos : TEXCOORD0;
        float2 texcoord0 : TEXCOORD1;
    };

    struct SPIRV_Cross_Output
    {
        float2 uv : TEXCOORD0;
        float4 gl_Position : SV_Position;
    };

    void vert_main()
    {
        gl_Position = pos;
        uv = texcoord0;
    }

    SPIRV_Cross_Output main(SPIRV_Cross_Input stage_input)
    {
        pos = stage_input.pos;
        texcoord0 = stage_input.texcoord0;
        vert_main();
        SPIRV_Cross_Output stage_output;
        stage_output.gl_Position = gl_Position;
        stage_output.uv = uv;
        return stage_output;
    }
*/
static const uint8_t vs_source_hlsl5[620] = {
    0x73,0x74,0x61,0x74,0x69,0x63,0x20,0x66,0x6c,0x6f,0x61,0x74,0x34,0x20,0x67,0x6c,
    0x5f,0x50,0x6f,0x73,0x69,0x74,0x69,0x6f,0x6e,0x3b,0x0a,0x73,0x74,0x61,0x74,0x69,
    0x63,0x20,0x66,0x6c,0x6f,0x61,0x74,0x34,0x20,0x70,0x6f,0x73,0x3b,0x0a,0x73,0x74,
    0x61,0x74,0x69,0x63,0x20,0x66,0x6c,0x6f,0x61,0x74,0x32,0x20,0x75,0x76,0x3b,0x0a,
    0x73,0x74,0x61,0x74,0x69,0x63,0x20,0x66,0x6c,0x6f,0x61,0x74,0x32,0x20,0x74,0x65,
    0x78,0x63,0x6f,0x6f,0x72,0x64,0x30,0x3b,0x0a,0x0a,0x73,0x74,0x72,0x75,0x63,0x74,
    0x20,0x53,0x50,0x49,0x52,0x56,0x5f,0x43,0x72,0x6f,0x73,0x73,0x5f,0x49,0x6e,0x70,
    0x75,0x74,0x0a,0x7b,0x0a,0x20,0x20,0x20,0x20,0x66,0x6c,0x6f,0x61,0x74,0x34,0x20,
    0x70,0x6f,0x73,0x20,0x3a,0x20,0x54,0x45,0x58,0x43,0x4f,0x4f,0x52,0x44,0x30,0x3b,
    0x0a,0x20,0x20,0x20,0x20,0x66,0x6c,0x6f,0x61,0x74,0x32,0x20,0x74,0x65,0x78,0x63,
    0x6f,0x6f,0x72,0x64,0x30,0x20,0x3a,0x20,0x54,0x45,0x58,0x43,0x4f,0x4f,0x52,0x44,
    0x31,0x3b,0x0a,0x7d,0x3b,0x0a,0x0a,0x73,0x74,0x72,0x75,0x63,0x74,0x20,0x53,0x50,
    0x49,0x52,0x56,0x5f,0x43,0x72,0x6f,0x73,0x73,0x5f,0x4f,0x75,0x74,0x70,0x75,0x74,
    0x0a,0x7b,0x0a,0x20,0x20,0x20,0x20,0x66,0x6c,0x6f,0x61,0x74,0x32,0x20,0x75,0x76,
    0x20,0x3a,0x20,0x54,0x45,0x58,0x43,0x4f,0x4f,0x52,0x44,0x30,0x3b,0x0a,0x20,0x20,
    0x20,0x20,0x66,0x6c,0x6f,0x61,0x74,0x34,0x20,0x67,0x6c,0x5f,0x50,0x6f,0x73,0x69,
    0x74,0x69,0x6f,0x6e,0x20,0x3a,0x20,0x53,0x56,0x5f,0x50,0x6f,0x73,0x69,0x74,0x69,
    0x6f,0x6e,0x3b,0x0a,0x7d,0x3b,0x0a,0x0a,0x76,0x6f,0x69,0x64,0x20,0x76,0x65,0x72,
    0x74,0x5f,0x6d,0x61,0x69,0x6e,0x28,0x29,0x0a,0x7b,0x0a,0x20,0x20,0x20,0x20,0x67,
    0x6c,0x5f,0x50,0x6f,0x73,0x69,0x74,0x69,0x6f,0x6e,0x20,0x3d,0x20,0x70,0x6f,0x73,
    0x3b,0x0a,0x20,0x20,0x20,0x20,0x75,0x76,0x20,0x3d,0x20,0x74,0x65,0x78,0x63,0x6f,
    0x6f,0x72,0x64,0x30,0x3b,0x0a,0x7d,0x0a,0x0a,0x53,0x50,0x49,0x52,0x56,0x5f,0x43,
    0x72,0x6f,0x73,0x73,0x5f,0x4f,0x75,0x74,0x70,0x75,0x74,0x20,0x6d,0x61,0x69,0x6e,
    0x28,0x53,0x50,0x49,0x52,0x56,0x5f,0x43,0x72,0x6f,0x73,0x73,0x5f,0x49,0x6e,0x70,
    0x75,0x74,0x20,0x73,0x74,0x61,0x67,0x65,0x5f,0x69,0x6e,0x70,0x75,0x74,0x29,0x0a,
    0x7b,0x0a,0x20,0x20,0x20,0x20,0x70,0x6f,0x73,0x20,0x3d,0x20,0x73,0x74,0x61,0x67,
    0x65,0x5f,0x69,0x6e,0x70,0x75,0x74,0x2e,0x70,0x6f,0x73,0x3b,0x0a,0x20,0x20,0x20,
    0x20,0x74,0x65,0x78,0x63,0x6f,0x6f,0x72,0x64,0x30,0x20,0x3d,0x20,0x73,0x74,0x61,
    0x67,0x65,0x5f,0x69,0x6e,0x70,0x75,0x74,0x2e,0x74,0x65,0x78,0x63,0x6f,0x6f,0x72,
    0x64,0x30,0x3b,0x0a,0x20,0x20,0x20,0x20,0x76,0x65,0x72,0x74,0x5f,0x6d,0x61,0x69,
    0x6e,0x28,0x29,0x3b,0x0a,0x20,0x20,0x20,0x20,0x53,0x50,0x49,0x52,0x56,0x5f,0x43,
    0x72,0x6f,0x73,0x73,0x5f,0x4f,0x75,0x74,0x70,0x75,0x74,0x20,0x73,0x74,0x61,0x67,
    0x65,0x5f,0x6f,0x75,0x74,0x70,0x75,0x74,0x3b,0x0a,0x20,0x20,0x20,0x20,0x73,0x74,
    0x61,0x67,0x65,0x5f,0x6f,0x75,0x74,0x70,0x75,0x74,0x2e,0x67,0x6c,0x5f,0x50,0x6f,
    0x73,0x69,0x74,0x69,0x6f,0x6e,0x20,0x3d,0x20,0x67,0x6c,0x5f,0x50,0x6f,0x73,0x69,
    0x74,0x69,0x6f,0x6e,0x3b,0x0a,0x20,0x20,0x20,0x20,0x73,0x74,0x61,0x67,0x65,0x5f,
    0x6f,0x75,0x74,0x70,0x75,0x74,0x2e,0x75,0x76,0x20,0x3d,0x20,0x75,0x76,0x3b,0x0a,
    0x20,0x20,0x20,0x20,0x72,0x65,0x74,0x75,0x72,0x6e,0x20,0x73,0x74,0x61,0x67,0x65,
    0x5f,0x6f,0x75,0x74,0x70,0x75,0x74,0x3b,0x0a,0x7d,0x0a,0x00,
};
/*
    cbuffer s_colors : register(b0)
    {
        float4 _103_app_colors[256] : packoffset(c0);
        float4 _103_dbg_colors[256] : packoffset(c256);
    };

    cbuffer s_buffer_params : register(b1)
    {
        float2 _113_offset : packoffset(c0);
        float2 _113_size : packoffset(c0.z);
        float2 _113_app_size : packoffset(c1);
        float2 _113_win_size : packoffset(c1.z);
        float2 _113_scale : packoffset(c2);
    };

    cbuffer s_params : register(b2)
    {
        int _144_filter_mode : packoffset(c0);
        float _144_time : packoffset(c0.y);
    };

    Texture2D<float4> tex : register(t0);
    SamplerState smp : register(s0);
    Texture2D<float4> tex_debug : register(t1);

    static float2 uv;
    static float4 frag_color;

    struct SPIRV_Cross_Input
    {
        float2 uv : TEXCOORD0;
    };

    struct SPIRV_Cross_Output
    {
        float4 frag_color : SV_Target0;
    };

    uint2 spvTextureSize(Texture2D<float4> Tex, uint Level, out uint Param)
    {
        uint2 ret;
        Tex.GetDimensions(Level, ret.x, ret.y, Param);
        return ret;
    }

    bool integer_scale()
    {
        bool _122 = all(bool2(_113_scale.x >= 1.0f.xx.x, _113_scale.y >= 1.0f.xx.y));
        bool _132;
        if (_122)
        {
            float2 _129 = floor(_113_scale);
            _132 = all(bool2(_113_scale.x == _129.x, _113_scale.y == _129.y));
        }
        else
        {
            _132 = _122;
        }
        return _132;
    }

    float2 uv_iq(float2 uv_1, int2 texture_size)
    {
        float2 _34 = uv_1 * float2(texture_size);
        float2 _40 = floor(_34 + 0.5f.xx);
        return (_40 + clamp((_34 - _40) / fwidth(_34), (-0.5f).xx, 0.5f.xx)) / float2(texture_size);
    }

    float3 palette_color(inout int2 pos)
    {
        uint _74_dummy_parameter;
        pos = clamp(pos, int2(0, 0), int2(spvTextureSize(tex, uint(0), _74_dummy_parameter)) - int2(1, 1));
        return _103_app_colors[int((tex.Load(int3(pos, 0)).x * 255.0f) + 0.5f)].xyz;
    }

    float3 sample_palette(float2 sample_uv)
    {
        uint _140_dummy_parameter;
        float2 _141 = float2(int2(spvTextureSize(tex, uint(0), _140_dummy_parameter)));
        bool _148 = _144_filter_mode == 1;
        bool _153;
        if (!_148)
        {
            _153 = integer_scale();
        }
        else
        {
            _153 = _148;
        }
        if (_153)
        {
            int2 param = int2(floor(sample_uv * _141));
            float3 _162 = palette_color(param);
            return _162;
        }
        if (_144_filter_mode == 2)
        {
            float _177 = max(1.0f, floor(_113_scale.x + 0.5f));
            float2 _185 = ((sample_uv * _141) * _177) - 0.5f.xx;
            float2 _188 = floor(_185);
            float2 _191 = frac(_185);
            float2 _195 = _177.xx;
            int2 _198 = int2(floor(_188 / _195));
            int2 _207 = int2(floor((_188 + 1.0f.xx) / _195));
            int2 param_1 = _198;
            float3 _212 = palette_color(param_1);
            int2 param_2 = int2(_207.x, _198.y);
            float3 _220 = palette_color(param_2);
            float3 _223 = _191.x.xxx;
            int2 param_3 = int2(_198.x, _207.y);
            float3 _232 = palette_color(param_3);
            int2 param_4 = _207;
            float3 _235 = palette_color(param_4);
            return lerp(lerp(_212, _220, _223), lerp(_232, _235, _223), _191.y.xxx);
        }
        float2 _252 = (sample_uv * _141) - 0.5f.xx;
        int2 _256 = int2(floor(_252));
        float2 _259 = frac(_252);
        int2 param_5 = _256;
        float3 _263 = palette_color(param_5);
        int2 param_6 = _256 + int2(1, 0);
        float3 _268 = palette_color(param_6);
        float3 _271 = _259.x.xxx;
        int2 param_7 = _256 + int2(0, 1);
        float3 _278 = palette_color(param_7);
        int2 param_8 = _256 + int2(1, 1);
        float3 _283 = palette_color(param_8);
        return lerp(lerp(_263, _268, _271), lerp(_278, _283, _271), _259.y.xxx);
    }

    void frag_main()
    {
        float2 _308 = (uv * _113_win_size) - _113_offset;
        float _310 = _308.x;
        bool _312 = _310 < 0.0f;
        bool _319;
        if (!_312)
        {
            _319 = _308.y < 0.0f;
        }
        else
        {
            _319 = _312;
        }
        bool _328;
        if (!_319)
        {
            _328 = _310 >= _113_size.x;
        }
        else
        {
            _328 = _319;
        }
        bool _337;
        if (!_328)
        {
            _337 = _308.y >= _113_size.y;
        }
        else
        {
            _337 = _328;
        }
        if (_337)
        {
            frag_color = float4(_103_app_colors[0].xyz, 1.0f);
            return;
        }
        float2 _354 = _308 / _113_size;
        _354.y = 1.0f - _354.y;
        float2 tex_uv = _354;
        uint _365_dummy_parameter;
        int2 _365 = int2(spvTextureSize(tex_debug, uint(0), _365_dummy_parameter));
        int _386 = int((tex_debug.Load(int3(clamp(int2(_354 * float2(_365)), int2(0, 0), _365 - int2(1, 1)), 0)).x * 255.0f) + 0.5f);
        bool _394 = _144_filter_mode == 3;
        bool _399;
        if (_394)
        {
            _399 = !integer_scale();
        }
        else
        {
            _399 = _394;
        }
        if (_399)
        {
            float2 param = tex_uv;
            int2 param_1 = int2(_113_app_size);
            tex_uv = uv_iq(param, param_1);
        }
        float2 param_2 = tex_uv;
        frag_color = float4(lerp(sample_palette(param_2), _103_dbg_colors[_386].xyz, _103_dbg_colors[_386].w.xxx), 1.0f);
    }

    SPIRV_Cross_Output main(SPIRV_Cross_Input stage_input)
    {
        uv = stage_input.uv;
        frag_main();
        SPIRV_Cross_Output stage_output;
        stage_output.frag_color = frag_color;
        return stage_output;
    }
*/
static const uint8_t fs_source_hlsl5[5142] = {
    0x63,0x62,0x75,0x66,0x66,0x65,0x72,0x20,0x73,0x5f,0x63,0x6f,0x6c,0x6f,0x72,0x73,
    0x20,0x3a,0x20,0x72,0x65,0x67,0x69,0x73,0x74,0x65,0x72,0x28,0x62,0x30,0x29,0x0a,
    0x7b,0x0a,0x20,0x20,0x20,0x20,0x66,0x6c,0x6f,0x61,0x74,0x34,0x20,0x5f,0x31,0x30,
    0x33,0x5f,0x61,0x70,0x70,0x5f,0x63,0x6f,0x6c,0x6f,0x72,0x73,0x5b,0x32,0x35,0x36,
    0x5d,0x20,0x3a,0x20,0x70,0x61,0x63,0x6b,0x6f,0x66,0x66,0x73,0x65,0x74,0x28,0x63,
    0x30,0x29,0x3b,0x0a,0x20,0x20,0x20,0x20,0x66,0x6c,0x6f,0x61,0x74,0x34,0x20,0x5f,
    0x31,0x30,0x33,0x5f,0x64,0x62,0x67,0x5f,0x63,0x6f,0x6c,0x6f,0x72,0x73,0x5b,0x32,
    0x35,0x36,0x5d,0x20,0x3a,0x20,0x70,0x61,0x63,0x6b,0x6f,0x66,0x66,0x73,0x65,0x74,
    0x28,0x63,0x32,0x35,0x36,0x29,0x3b,0x0a,0x7d,0x3b,0x0a,0x0a,0x63,0x62,0x75,0x66,
    0x66,0x65,0x72,0x20,0x73,0x5f,0x62,0x75,0x66,0x66,0x65,0x72,0x5f,0x70,0x61,0x72,
    0x61,0x6d,0x73,0x20,0x3a,0x20,0x72,0x65,0x67,0x69,0x73,0x74,0x65,0x72,0x28,0x62,
    0x31,0x29,0x0a,0x7b,0x0a,0x20,0x20,0x20,0x20,0x66,0x6c,0x6f,0x61,0x74,0x32,0x20,
    0x5f,0x31,0x31,0x33,0x5f,0x6f,0x66,0x66,0x73,0x65,0x74,0x20,0x3a,0x20,0x70,0x61,
    0x63,0x6b,0x6f,0x66,0x66,0x73,0x65,0x74,0x28,0x63,0x30,0x29,0x3b,0x0a,0x20,0x20,
    0x20,0x20,0x66,0x6c,0x6f,0x61,0x74,0x32,0x20,0x5f,0x31,0x31,0x33,0x5f,0x73,0x69,
    0x7a,0x65,0x20,0x3a,0x20,0x70,0x61,0x63,0x6b,0x6f,0x66,0x66,0x73,0x65,0x74,0x28,
    0x63,0x30,0x2e,0x7a,0x29,0x3b,0x0a,0x20,0x20,0x20,0x20,0x66,0x6c,0x6f,0x61,0x74,
    0x32,0x20,0x5f,0x31,0x31,0x33,0x5f,0x61,0x70,0x70,0x5f,0x73,0x69,0x7a,0x65,0x20,
    0x3a,0x20,0x70,0x61,0x63,0x6b,0x6f,0x66,0x66,0x73,0x65,0x74,0x28,0x63,0x31,0x29,
    0x3b,0x0a,0x20,0x20,0x20,0x20,0x66,0x6c,0x6f,0x61,0x74,0x32,0x20,0x5f,0x31,0x31,
    0x33,0x5f,0x77,0x69,0x6e,0x5f,0x73,0x69,0x7a,0x65,0x20,0x3a,0x20,0x70,0x61,0x63,
    0x6b,0x6f,0x66,0x66,0x73,0x65,0x74,0x28,0x63,0x31,0x2e,0x7a,0x29,0x3b,0x0a,0x20,
    0x20,0x20,0x20,0x66,0x6c,0x6f,0x61,0x74,0x32,0x20,0x5f,0x31,0x31,0x33,0x5f,0x73,
    0x63,0x61,0x6c,0x65,0x20,0x3a,0x20,0x70,0x61,0x63,0x6b,0x6f,0x66,0x66,0x73,0x65,
    0x74,0x28,0x63,0x32,0x29,0x3b,0x0a,0x7d,0x3b,0x0a,0x0a,0x63,0x62,0x75,0x66,0x66,
    0x65,0x72,0x20,0x73,0x5f,0x70,0x61,0x72,0x61,0x6d,0x73,0x20,0x3a,0x20,0x72,0x65,
    0x67,0x69,0x73,0x74,0x65,0x72,0x28,0x62,0x32,0x29,0x0a,0x7b,0x0a,0x20,0x20,0x20,
    0x20,0x69,0x6e,0x74,0x20,0x5f,0x31,0x34,0x34,0x5f,0x66,0x69,0x6c,0x74,0x65,0x72,
    0x5f,0x6d,0x6f,0x64,0x65,0x20,0x3a,0x20,0x70,0x61,0x63,0x6b,0x6f,0x66,0x66,0x73,
    0x65,0x74,0x28,0x63,0x30,0x29,0x3b,0x0a,0x20,0x20,0x20,0x20,0x66,0x6c,0x6f,0x61,
    0x74,0x20,0x5f,0x31,0x34,0x34,0x5f,0x74,0x69,0x6d,0x65,0x20,0x3a,0x20,0x70,0x61,
    0x63,0x6b,0x6f,0x66,0x66,0x73,0x65,0x74,0x28,0x63,0x30,0x2e,0x79,0x29,0x3b,0x0a,
    0x7d,0x3b,0x0a,0x0a,0x54,0x65,0x78,0x74,0x75,0x72,0x65,0x32,0x44,0x3c,0x66,0x6c,
    0x6f,0x61,0x74,0x34,0x3e,0x20,0x74,0x65,0x78,0x20,0x3a,0x20,0x72,0x65,0x67,0x69,
    0x73,0x74,0x65,0x72,0x28,0x74,0x30,0x29,0x3b,0x0a,0x53,0x61,0x6d,0x70,0x6c,0x65,
    0x72,0x53,0x74,0x61,0x74,0x65,0x20,0x73,0x6d,0x70,0x20,0x3a,0x20,0x72,0x65,0x67,
    0x69,0x73,0x74,0x65,0x72,0x28,0x73,0x30,0x29,0x3b,0x0a,0x54,0x65,0x78,0x74,0x75,
    0x72,0x65,0x32,0x44,0x3c,0x66,0x6c,0x6f,0x61,0x74,0x34,0x3e,0x20,0x74,0x65,0x78,
    0x5f,0x64,0x65,0x62,0x75,0x67,0x20,0x3a,0x20,0x72,0x65,0x67,0x69,0x73,0x74,0x65,
    0x72,0x28,0x74,0x31,0x29,0x3b,0x0a,0x0a,0x73,0x74,0x61,0x74,0x69,0x63,0x20,0x66,
    0x6c,0x6f,0x61,0x74,0x32,0x20,0x75,0x76,0x3b,0x0a,0x73,0x74,0x61,0x74,0x69,0x63,
    0x20,0x66,0x6c,0x6f,0x61,0x74,0x34,0x20,0x66,0x72,0x61,0x67,0x5f,0x63,0x6f,0x6c,
    0x6f,0x72,0x3b,0x0a,0x0a,0x73,0x74,0x72,0x75,0x63,0x74,0x20,0x53,0x50,0x49,0x52,
    0x56,0x5f,0x43,0x72,0x6f,0x73,0x73,0x5f,0x49,0x6e,0x70,0x75,0x74,0x0a,0x7b,0x0a,
    0x20,0x20,0x20,0x20,0x66,0x6c,0x6f,0x61,0x74,0x32,0x20,0x75,0x76,0x20,0x3a,0x20,
    0x54,0x45,0x58,0x43,0x4f,0x4f,0x52,0x44,0x30,0x3b,0x0a,0x7d,0x3b,0x0a,0x0a,0x73,
    0x74,0x72,0x75,0x63,0x74,0x20,0x53,0x50,0x49,0x52,0x56,0x5f,0x43,0x72,0x6f,0x73,
    0x73,0x5f,0x4f,0x75,0x74,0x70,0x75,0x74,0x0a,0x7b,0x0a,0x20,0x20,0x20,0x20,0x66,
    0x6c,0x6f,0x61,0x74,0x34,0x20,0x66,0x72,0x61,0x67,0x5f,0x63,0x6f,0x6c,0x6f,0x72,
    0x20,0x3a,0x20,0x53,0x56,0x5f,0x54,0x61,0x72,0x67,0x65,0x74,0x30,0x3b,0x0a,0x7d,
    0x3b,0x0a,0x0a,0x75,0x69,0x6e,0x74,0x32,0x20,0x73,0x70,0x76,0x54,0x65,0x78,0x74,
    0x75,0x72,0x65,0x53,0x69,0x7a,0x65,0x28,0x54,0x65,0x78,0x74,0x75,0x72,0x65,0x32,
    0x44,0x3c,0x66,0x6c,0x6f,0x61,0x74,0x34,0x3e,0x20,0x54,0x65,0x78,0x2c,0x20,0x75,
    0x69,0x6e,0x74,0x20,0x4c,0x65,0x76,0x65,0x6c,0x2c,0x20,0x6f,0x75,0x74,0x20,0x75,
    0x69,0x6e,0x74,0x20,0x50,0x61,0x72,0x61,0x6d,0x29,0x0a,0x7b,0x0a,0x20,0x20,0x20,
    0x20,0x75,0x69,0x6e,0x74,0x32,0x20,0x72,0x65,0x74,0x3b,0x0a,0x20,0x20,0x20,0x20,
    0x54,0x65,0x78,0x2e,0x47,0x65,0x74,0x44,0x69,0x6d,0x65,0x6e,0x73,0x69,0x6f,0x6e,
    0x73,0x28,0x4c,0x65,0x76,0x65,0x6c,0x2c,0x20,0x72,0x65,0x74,0x2e,0x78,0x2c,0x20,
    0x72,0x65,0x74,0x2e,0x79,0x2c,0x20,0x50,0x61,0x72,0x61,0x6d,0x29,0x3b,0x0a,0x20,
    0x20,0x20,0x20,0x72,0x65,0x74,0x75,0x72,0x6e,0x20,0x72,0x65,0x74,0x3b,0x0a,0x7d,
    0x0a,0x0a,0x62,0x6f,0x6f,0x6c,0x20,0x69,0x6e,0x74,0x65,0x67,0x65,0x72,0x5f,0x73,
    0x63,0x61,0x6c,0x65,0x28,0x29,0x0a,0x7b,0x0a,0x20,0x20,0x20,0x20,0x62,0x6f,0x6f,
    0x6c,0x20,0x5f,0x31,0x32,0x32,0x20,0x3d,0x20,0x61,0x6c,0x6c,0x28,0x62,0x6f,0x6f,
    0x6c,0x32,0x28,0x5f,0x31,0x31,0x33,0x5f,0x73,0x63,0x61,0x6c,0x65,0x2e,0x78,0x20,
    0x3e,0x3d,0x20,0x31,0x2e,0x30,0x66,0x2e,0x78,0x78,0x2e,0x78,0x2c,0x20,0x5f,0x31,
    0x31,0x33,0x5f,0x73,0x63,0x61,0x6c,0x65,0x2e,0x79,0x20,0x3e,0x3d,0x20,0x31,0x2e,
    0x30,0x66,0x2e,0x78,0x78,0x2e,0x79,0x29,0x29,0x3b,0x0a,0x20,0x20,0x20,0x20,0x62,
    0x6f,0x6f,0x6c,0x20,0x5f,0x31,0x33,0x32,0x3b,0x0a,0x20,0x20,0x20,0x20,0x69,0x66,
    0x20,0x28,0x5f,0x31,0x32,0x32,0x29,0x0a,0x20,0x20,0x20,0x20,0x7b,0x0a,0x20,0x20,
    0x20,0x20,0x20,0x20,0x20,0x20,0x66,0x6c,0x6f,0x61,0x74,0x32,0x20,0x5f,0x31,0x32,
    0x39,0x20,0x3d,0x20,0x66,0x6c,0x6f,0x6f,0x72,0x28,0x5f,0x31,0x31,0x33,0x5f,0x73,
    0x63,0x61,0x6c,0x65,0x29,0x3b,0x0a,0x20,0x20,0x20,0x20,0x20,0x20,0x20,0x20,0x5f,
    0x31,0x33,0x32,0x20,0x3d,0x20,0x61,0x6c,0x6c,0x28,0x62,0x6f,0x6f,0x6c,0x32,0x28,
    0x5f,0x31,0x31,0x33,0x5f,0x73,0x63,0x61,0x6c,0x65,0x2e,0x78,0x20,0x3d,0x3d,0x20,
    0x5f,0x31,0x32,0x39,0x2e,0x78,0x2c,0x20,0x5f,0x31,0x31,0x33,0x5f,0x73,0x63,0x61,
    0x6c,0x65,0x2e,0x79,0x20,0x3d,0x3d,0x20,0x5f,0x31,0x32,0x39,0x2e,0x79,0x29,0x29,
    0x3b,0x0a,0x20,0x20,0x20,0x20,0x7d,0x0a,0x20,0x20,0x20,0x20,0x65,0x6c,0x73,0x65,
    0x0a,0x20,0x20,0x20,0x20,0x7b,0x0a,0x20,0x20,0x20,0x20,0x20,0x20,0x20,0x20,0x5f,
    0x31,0x33,0x32,0x20,0x3d,0x20,0x5f,0x31,0x32,0x32,0x3b,0x0a,0x20,0x20,0x20,0x20,
    0x7d,0x0a,0x20,0x20,0x20,0x20,0x72,0x65,0x74,0x75,0x72,0x6e,0x20,0x5f,0x31,0x33,
    0x32,0x3b,0x0a,0x7d,0x0a,0x0a,0x66,0x6c,0x6f,0x61,0x74,0x32,0x20,0x75,0x76,0x5f,
    0x69,0x71,0x28,0x66,0x6c,0x6f,0x61,0x74,0x32,0x20,0x75,0x76,0x5f,0x31,0x2c,0x20,
    0x69,0x6e,0x74,0x32,0x20,0x74,0x65,0x78,0x74,0x75,0x72,0x65,0x5f,0x73,0x69,0x7a,
    0x65,0x29,0x0a,0x7b,0x0a,0x20,0x20,0x20,0x20,0x66,0x6c,0x6f,0x61,0x74,0x32,0x20,
    0x5f,0x33,0x34,0x20,0x3d,0x20,0x75,0x76,0x5f,0x31,0x20,0x2a,0x20,0x66,0x6c,0x6f,
    0x61,0x74,0x32,0x28,0x74,0x65,0x78,0x74,0x75,0x72,0x65,0x5f,0x73,0x69,0x7a,0x65,
    0x29,0x3b,0x0a,0x20,0x20,0x20,0x20,0x66,0x6c,0x6f,0x61,0x74,0x32,0x20,0x5f,0x34,
    0x30,0x20,0x3d,0x20,0x66,0x6c,0x6f,0x6f,0x72,0x28,0x5f,0x33,0x34,0x20,0x2b,0x20,
    0x30,0x2e,0x35,0x66,0x2e,0x78,0x78,0x29,0x3b,0x0a,0x20,0x20,0x20,0x20,0x72,0x65,
    0x74,0x75,0x72,0x6e,0x20,0x28,0x5f,0x34,0x30,0x20,0x2b,0x20,0x63,0x6c,0x61,0x6d,
    0x70,0x28,0x28,0x5f,0x33,0x34,0x20,0x2d,0x20,0x5f,0x34,0x30,0x29,0x20,0x2f,0x20,
    0x66,0x77,0x69,0x64,0x74,0x68,0x28,0x5f,0x33,0x34,0x29,0x2c,0x20,0x28,0x2d,0x30,
    0x2e,0x35,0x66,0x29,0x2e,0x78,0x78,0x2c,0x20,0x30,0x2e,0x35,0x66,0x2e,0x78,0x78,
    0x29,0x29,0x20,0x2f,0x20,0x66,0x6c,0x6f,0x61,0x74,0x32,0x28,0x74,0x65,0x78,0x74,
    0x75,0x72,0x65,0x5f,0x73,0x69,0x7a,0x65,0x29,0x3b,0x0a,0x7d,0x0a,0x0a,0x66,0x6c,
    0x6f,0x61,0x74,0x33,0x20,0x70,0x61,0x6c,0x65,0x74,0x74,0x65,0x5f,0x63,0x6f,0x6c,
    0x6f,0x72,0x28,0x69,0x6e,0x6f,0x75,0x74,0x20,0x69,0x6e,0x74,0x32,0x20,0x70,0x6f,
    0x73,0x29,0x0a,0x7b,0x0a,0x20,0x20,0x20,0x20,0x75,0x69,0x6e,0x74,0x20,0x5f,0x37,
    0x34,0x5f,0x64,0x75,0x6d,0x6d,0x79,0x5f,0x70,0x61,0x72,0x61,0x6d,0x65,0x74,0x65,
    0x72,0x3b,0x0a,0x20,0x20,0x20,0x20,0x70,0x6f,0x73,0x20,0x3d,0x20,0x63,0x6c,0x61,
    0x6d,0x70,0x28,0x70,0x6f,0x73,0x2c,0x20,0x69,0x6e,0x74,0x32,0x28,0x30,0x2c,0x20,
    0x30,0x29,0x2c,0x20,0x69,0x6e,0x74,0x32,0x28,0x73,0x70,0x76,0x54,0x65,0x78,0x74,
    0x75,0x72,0x65,0x53,0x69,0x7a,0x65,0x28,0x74,0x65,0x78,0x2c,0x20,0x75,0x69,0x6e,
    0x74,0x28,0x30,0x29,0x2c,0x20,0x5f,0x37,0x34,0x5f,0x64,0x75,0x6d,0x6d,0x79,0x5f,
    0x70,0x61,0x72,0x61,0x6d,0x65,0x74,0x65,0x72,0x29,0x29,0x20,0x2d,0x20,0x69,0x6e,
    0x74,0x32,0x28,0x31,0x2c,0x20,0x31,0x29,0x29,0x3b,0x0a,0x20,0x20,0x20,0x20,0x72,
    0x65,0x74,0x75,0x72,0x6e,0x20,0x5f,0x31,0x30,0x33,0x5f,0x61,0x70,0x70,0x5f,0x63,
    0x6f,0x6c,0x6f,0x72,0x73,0x5b,0x69,0x6e,0x74,0x28,0x28,0x74,0x65,0x78,0x2e,0x4c,
    0x6f,0x61,0x64,0x28,0x69,0x6e,0x74,0x33,0x28,0x70,0x6f,0x73,0x2c,0x20,0x30,0x29,
    0x29,0x2e,0x78,0x20,0x2a,0x20,0x32,0x35,0x35,0x2e,0x30,0x66,0x29,0x20,0x2b,0x20,
    0x30,0x2e,0x35,0x66,0x29,0x5d,0x2e,0x78,0x79,0x7a,0x3b,0x0a,0x7d,0x0a,0x0a,0x66,
    0x6c,0x6f,0x61,0x74,0x33,0x20,0x73,0x61,0x6d,0x70,0x6c,0x65,0x5f,0x70,0x61,0x6c,
    0x65,0x74,0x74,0x65,0x28,0x66,0x6c,0x6f,0x61,0x74,0x32,0x20,0x73,0x61,0x6d,0x70,
    0x6c,0x65,0x5f,0x75,0x76,0x29,0x0a,0x7b,0x0a,0x20,0x20,0x20,0x20,0x75,0x69,0x6e,
    0x74,0x20,0x5f,0x31,0x34,0x30,0x5f,0x64,0x75,0x6d,0x6d,0x79,0x5f,0x70,0x61,0x72,
    0x61,0x6d,0x65,0x74,0x65,0x72,0x3b,0x0a,0x20,0x20,0x20,0x20,0x66,0x6c,0x6f,0x61,
    0x74,0x32,0x20,0x5f,0x31,0x34,0x31,0x20,0x3d,0x20,0x66,0x6c,0x6f,0x61,0x74,0x32,
    0x28,0x69,0x6e,0x74,0x32,0x28,0x73,0x70,0x76,0x54,0x65,0x78,0x74,0x75,0x72,0x65,
    0x53,0x69,0x7a,0x65,0x28,0x74,0x65,0x78,0x2c,0x20,0x75,0x69,0x6e,0x74,0x28,0x30,
    0x29,0x2c,0x20,0x5f,0x31,0x34,0x30,0x5f,0x64,0x75,0x6d,0x6d,0x79,0x5f,0x70,0x61,
    0x72,0x61,0x6d,0x65,0x74,0x65,0x72,0x29,0x29,0x29,0x3b,0x0a,0x20,0x20,0x20,0x20,
    0x62,0x6f,0x6f,0x6c,0x20,0x5f,0x31,0x34,0x38,0x20,0x3d,0x20,0x5f,0x31,0x34,0x34,
    0x5f,0x66,0x69,0x6c,0x74,0x65,0x72,0x5f,0x6d,0x6f,0x64,0x65,0x20,0x3d,0x3d,0x20,
    0x31,0x3b,0x0a,0x20,0x20,0x20,0x20,0x62,0x6f,0x6f,0x6c,0x20,0x5f,0x31,0x35,0x33,
    0x3b,0x0a,0x20,0x20,0x20,0x20,0x69,0x66,0x20,0x28,0x21,0x5f,0x31,0x34,0x38,0x29,
    0x0a,0x20,0x20,0x20,0x20,0x7b,0x0a,0x20,0x20,0x20,0x20,0x20,0x20,0x20,0x20,0x5f,
    0x31,0x35,0x33,0x20,0x3d,0x20,0x69,0x6e,0x74,0x65,0x67,0x65,0x72,0x5f,0x73,0x63,
    0x61,0x6c,0x65,0x28,0x29,0x3b,0x0a,0x20,0x20,0x20,0x20,0x7d,0x0a,0x20,0x20,0x20,
    0x20,0x65,0x6c,0x73,0x65,0x0a,0x20,0x20,0x20,0x20,0x7b,0x0a,0x20,0x20,0x20,0x20,
    0x20,0x20,0x20,0x20,0x5f,0x31,0x35,0x33,0x20,0x3d,0x20,0x5f,0x31,0x34,0x38,0x3b,
    0x0a,0x20,0x20,0x20,0x20,0x7d,0x0a,0x20,0x20,0x20,0x20,0x69,0x66,0x20,0x28,0x5f,
    0x31,0x35,0x33,0x29,0x0a,0x20,0x20,0x20,0x20,0x7b,0x0a,0x20,0x20,0x20,0x20,0x20,
    0x20,0x20,0x20,0x69,0x6e,0x74,0x32,0x20,0x70,0x61,0x72,0x61,0x6d,0x20,0x3d,0x20,
    0x69,0x6e,0x74,0x32,0x28,0x66,0x6c,0x6f,0x6f,0x72,0x28,0x73,0x61,0x6d,0x70,0x6c,
    0x65,0x5f,0x75,0x76,0x20,0x2a,0x20,0x5f,0x31,0x34,0x31,0x29,0x29,0x3b,0x0a,0x20,
    0x20,0x20,0x20,0x20,0x20,0x20,0x20,0x66,0x6c,0x6f,0x61,0x74,0x33,0x20,0x5f,0x31,
    0x36,0x32,0x20,0x3d,0x20,0x70,0x61,0x6c,0x65,0x74,0x74,0x65,0x5f,0x63,0x6f,0x6c,
    0x6f,0x72,0x28,0x70,0x61,0x72,0x61,0x6d,0x29,0x3b,0x0a,0x20,0x20,0x20,0x20,0x20,
    0x20,0x20,0x20,0x72,0x65,0x74,0x75,0x72,0x6e,0x20,0x5f,0x31,0x36,0x32,0x3b,0x0a,
    0x20,0x20,0x20,0x20,0x7d,0x0a,0x20,0x20,0x20,0x20,0x69,0x66,0x20,0x28,0x5f,0x31,
    0x34,0x34,0x5f,0x66,0x69,0x6c,0x74,0x65,0x72,0x5f,0x6d,0x6f,0x64,0x65,0x20,0x3d,
    0x3d,0x20,0x32,0x29,0x0a,0x20,0x20,0x20,0x20,0x7b,0x0a,0x20,0x20,0x20,0x20,0x20,
    0x20,0x20,0x20,0x66,0x6c,0x6f,0x61,0x74,0x20,0x5f,0x31,0x37,0x37,0x20,0x3d,0x20,
    0x6d,0x61,0x78,0x28,0x31,0x2e,0x30,0x66,0x2c,0x20,0x66,0x6c,0x6f,0x6f,0x72,0x28,
    0x5f,0x31,0x31,0x33,0x5f,0x73,0x63,0x61,0x6c,0x65,0x2e,0x78,0x20,0x2b,0x20,0x30,
    0x2e,0x35,0x66,0x29,0x29,0x3b,0x0a,0x20,0x20,0x20,0x20,0x20,0x20,0x20,0x20,0x66,
    0x6c,0x6f,0x61,0x74,0x32,0x20,0x5f,0x31,0x38,0x35,0x20,0x3d,0x20,0x28,0x28,0x73,
    0x61,0x6d,0x70,0x6c,0x65,0x5f,0x75,0x76,0x20,0x2a,0x20,0x5f,0x31,0x34,0x31,0x29,
    0x20,0x2a,0x20,0x5f,0x31,0x37,0x37,0x29,0x20,0x2d,0x20,0x30,0x2e,0x35,0x66,0x2e,
    0x78,0x78,0x3b,0x0a,0x20,0x20,0x20,0x20,0x20,0x20,0x20,0x20,0x66,0x6c,0x6f,0x61,
    0x74,0x32,0x20,0x5f,0x31,0x38,0x38,0x20,0x3d,0x20,0x66,0x6c,0x6f,0x6f,0x72,0x28,
    0x5f,0x31,0x38,0x35,0x29,0x3b,0x0a,0x20,0x20,0x20,0x20,0x20,0x20,0x20,0x20,0x66,
    0x6c,0x6f,0x61,0x74,0x32,0x20,0x5f,0x31,0x39,0x31,0x20,0x3d,0x20,0x66,0x72,0x61,
    0x63,0x28,0x5f,0x31,0x38,0x35,0x29,0x3b,0x0a,0x20,0x20,0x20,0x20,0x20,0x20,0x20,
    0x20,0x66,0x6c,0x6f,0x61,0x74,0x32,0x20,0x5f,0x31,0x39,0x35,0x20,0x3d,0x20,0x5f,
    0x31,0x37,0x37,0x2e,0x78,0x78,0x3b,0x0a,0x20,0x20,0x20,0x20,0x20,0x20,0x20,0x20,
    0x69,0x6e,0x74,0x32,0x20,0x5f,0x31,0x39,0x38,0x20,0x3d,0x20,0x69,0x6e,0x74,0x32,
    0x28,0x66,0x6c,0x6f,0x6f,0x72,0x28,0x5f,0x31,0x38,0x38,0x20,0x2f,0x20,0x5f,0x31,
    0x39,0x35,0x29,0x29,0x3b,0x0a,0x20,0x20,0x20,0x20,0x20,0x20,0x20,0x20,0x69,0x6e,
    0x74,0x32,0x20,0x5f,0x32,0x30,0x37,0x20,0x3d,0x20,0x69,0x6e,0x74,0x32,0x28,0x66,
    0x6c,0x6f,0x6f,0x72,0x28,0x28,0x5f,0x31,0x38,0x38,0x20,0x2b,0x20,0x31,0x2e,0x30,
    0x66,0x2e,0x78,0x78,0x29,0x20,0x2f,0x20,0x5f,0x31,0x39,0x35,0x29,0x29,0x3b,0x0a,
    0x20,0x20,0x20,0x20,0x20,0x20,0x20,0x20,0x69,0x6e,0x74,0x32,0x20,0x70,0x61,0x72,
    0x61,0x6d,0x5f,0x31,0x20,0x3d,0x20,0x5f,0x31,0x39,0x38,0x3b,0x0a,0x20,0x20,0x20,
    0x20,0x20,0x20,0x20,0x20,0x66,0x6c,0x6f,0x61,0x74,0x33,0x20,0x5f,0x32,0x31,0x32,
    0x20,0x3d,0x20,0x70,0x61,0x6c,0x65,0x74,0x74,0x65,0x5f,0x63,0x6f,0x6c,0x6f,0x72,
    0x28,0x70,0x61,0x72,0x61,0x6d,0x5f,0x31,0x29,0x3b,0x0a,0x20,0x20,0x20,0x20,0x20,
    0x20,0x20,0x20,0x69,0x6e,0x74,0x32,0x20,0x70,0x61,0x72,0x61,0x6d,0x5f,0x32,0x20,
    0x3d,0x20,0x69,0x6e,0x74,0x32,0x28,0x5f,0x32,0x30,0x37,0x2e,0x78,0x2c,0x20,0x5f,
    0x31,0x39,0x38,0x2e,0x79,0x29,0x3b,0x0a,0x20,0x20,0x20,0x20,0x20,0x20,0x20,0x20,
    0x66,0x6c,0x6f,0x61,0x74,0x33,0x20,0x5f,0x32,0x32,0x30,0x20,0x3d,0x20,0x70,0x61,
    0x6c,0x65,0x74,0x74,0x65,0x5f,0x63,0x6f,0x6c,0x6f,0x72,0x28,0x70,0x61,0x72,0x61,
    0x6d,0x5f,0x32,0x29,0x3b,0x0a,0x20,0x20,0x20,0x20,0x20,0x20,0x20,0x20,0x66,0x6c,
    0x6f,0x61,0x74,0x33,0x20,0x5f,0x32,0x32,0x33,0x20,0x3d,0x20,0x5f,0x31,0x39,0x31,
    0x2e,0x78,0x2e,0x78,0x78,0x78,0x3b,0x0a,0x20,0x20,0x20,0x20,0x20,0x20,0x20,0x20,
    0x69,0x6e,0x74,0x32,0x20,0x70,0x61,0x72,0x61,0x6d,0x5f,0x33,0x20,0x3d,0x20,0x69,
    0x6e,0x74,0x32,0x28,0x5f,0x31,0x39,0x38,0x2e,0x78,0x2c,0x20,0x5f,0x32,0x30,0x37,
    0x2e,0x79,0x29,0x3b,0x0a,0x20,0x20,0x20,0x20,0x20,0x20,0x20,0x20,0x66,0x6c,0x6f,
    0x61,0x74,0x33,0x20,0x5f,0x32,0x33,0x32,0x20,0x3d,0x20,0x70,0x61,0x6c,0x65,0x74,
    0x74,0x65,0x5f,0x63,0x6f,0x6c,0x6f,0x72,0x28,0x70,0x61,0x72,0x61,0x6d,0x5f,0x33,
    0x29,0x3b,0x0a,0x20,0x20,0x20,0x20,0x20,0x20,0x20,0x20,0x69,0x6e,0x74,0x32,0x20,
    0x70,0x61,0x72,0x61,0x6d,0x5f,0x34,0x20,0x3d,0x20,0x5f,0x32,0x30,0x37,0x3b,0x0a,
    0x20,0x20,0x20,0x20,0x20,0x20,0x20,0x20,0x66,0x6c,0x6f,0x61,0x74,0x33,0x20,0x5f,
    0x32,0x33,0x35,0x20,0x3d,0x20,0x70,0x61,0x6c,0x65,0x74,0x74,0x65,0x5f,0x63,0x6f,
    0x6c,0x6f,0x72,0x28,0x70,0x61,0x72,0x61,0x6d,0x5f,0x34,0x29,0x3b,0x0a,0x20,0x20,
    0x20,0x20,0x20,0x20,0x20,0x20,0x72,0x65,0x74,0x75,0x72,0x6e,0x20,0x6c,0x65,0x72,
    0x70,0x28,0x6c,0x65,0x72,0x70,0x28,0x5f,0x32,0x31,0x32,0x2c,0x20,0x5f,0x32,0x32,
    0x30,0x2c,0x20,0x5f,0x32,0x32,0x33,0x29,0x2c,0x20,0x6c,0x65,0x72,0x70,0x28,0x5f,
    0x32,0x33,0x32,0x2c,0x20,0x5f,0x32,0x33,0x35,0x2c,0x20,0x5f,0x32,0x32,0x33,0x29,
    0x2c,0x20,0x5f,0x31,0x39,0x31,0x2e,0x79,0x2e,0x78,0x78,0x78,0x29,0x3b,0x0a,0x20,
    0x20,0x20,0x20,0x7d,0x0a,0x20,0x20,0x20,0x20,0x66,0x6c,0x6f,0x61,0x74,0x32,0x20,
    0x5f,0x32,0x35,0x32,0x20,0x3d,0x20,0x28,0x73,0x61,0x6d,0x70,0x6c,0x65,0x5f,0x75,
    0x76,0x20,0x2a,0x20,0x5f,0x31,0x34,0x31,0x29,0x20,0x2d,0x20,0x30,0x2e,0x35,0x66,
    0x2e,0x78,0x78,0x3b,0x0a,0x20,0x20,0x20,0x20,0x69,0x6e,0x74,0x32,0x20,0x5f,0x32,
    0x35,0x36,0x20,0x3d,0x20,0x69,0x6e,0x74,0x32,0x28,0x66,0x6c,0x6f,0x6f,0x72,0x28,
    0x5f,0x32,0x35,0x32,0x29,0x29,0x3b,0x0a,0x20,0x20,0x20,0x20,0x66,0x6c,0x6f,0x61,
    0x74,0x32,0x20,0x5f,0x32,0x35,0x39,0x20,0x3d,0x20,0x66,0x72,0x61,0x63,0x28,0x5f,
    0x32,0x35,0x32,0x29,0x3b,0x0a,0x20,0x20,0x20,0x20,0x69,0x6e,0x74,0x32,0x20,0x70,
    0x61,0x72,0x61,0x6d,0x5f,0x35,0x20,0x3d,0x20,0x5f,0x32,0x35,0x36,0x3b,0x0a,0x20,
    0x20,0x20,0x20,0x66,0x6c,0x6f,0x61,0x74,0x33,0x20,0x5f,0x32,0x36,0x33,0x20,0x3d,
    0x20,0x70,0x61,0x6c,0x65,0x74,0x74,0x65,0x5f,0x63,0x6f,0x6c,0x6f,0x72,0x28,0x70,
    0x61,0x72,0x61,0x6d,0x5f,0x35,0x29,0x3b,0x0a,0x20,0x20,0x20,0x20,0x69,0x6e,0x74,
    0x32,0x20,0x70,0x61,0x72,0x61,0x6d,0x5f,0x36,0x20,0x3d,0x20,0x5f,0x32,0x35,0x36,
    0x20,0x2b,0x20,0x69,0x6e,0x74,0x32,0x28,0x31,0x2c,0x20,0x30,0x29,0x3b,0x0a,0x20,
    0x20,0x20,0x20,0x66,0x6c,0x6f,0x61,0x74,0x33,0x20,0x5f,0x32,0x36,0x38,0x20,0x3d,
    0x20,0x70,0x61,0x6c,0x65,0x74,0x74,0x65,0x5f,0x63,0x6f,0x6c,0x6f,0x72,0x28,0x70,
    0x61,0x72,0x61,0x6d,0x5f,0x36,0x29,0x3b,0x0a,0x20,0x20,0x20,0x20,0x66,0x6c,0x6f,
    0x61,0x74,0x33,0x20,0x5f,0x32,0x37,0x31,0x20,0x3d,0x20,0x5f,0x32,0x35,0x39,0x2e,
    0x78,0x2e,0x78,0x78,0x78,0x3b,0x0a,0x20,0x20,0x20,0x20,0x69,0x6e,0x74,0x32,0x20,
    0x70,0x61,0x72,0x61,0x6d,0x5f,0x37,0x20,0x3d,0x20,0x5f,0x32,0x35,0x36,0x20,0x2b,
    0x20,0x69,0x6e,0x74,0x32,0x28,0x30,0x2c,0x20,0x31,0x29,0x3b,0x0a,0x20,0x20,0x20,
    0x20,0x66,0x6c,0x6f,0x61,0x74,0x33,0x20,0x5f,0x32,0x37,0x38,0x20,0x3d,0x20,0x70,
    0x61,0x6c,0x65,0x74,0x74,0x65,0x5f,0x63,0x6f,0x6c,0x6f,0x72,0x28,0x70,0x61,0x72,
    0x61,0x6d,0x5f,0x37,0x29,0x3b,0x0a,0x20,0x20,0x20,0x20,0x69,0x6e,0x74,0x32,0x20,
    0x70,0x61,0x72,0x61,0x6d,0x5f,0x38,0x20,0x3d,0x20,0x5f,0x32,0x35,0x36,0x20,0x2b,
    0x20,0x69,0x6e,0x74,0x32,0x28,0x31,0x2c,0x20,0x31,0x29,0x3b,0x0a,0x20,0x20,0x20,
    0x20,0x66,0x6c,0x6f,0x61,0x74,0x33,0x20,0x5f,0x32,0x38,0x33,0x20,0x3d,0x20,0x70,
    0x61,0x6c,0x65,0x74,0x74,0x65,0x5f,0x63,0x6f,0x6c,0x6f,0x72,0x28,0x70,0x61,0x72,
    0x61,0x6d,0x5f,0x38,0x29,0x3b,0x0a,0x20,0x20,0x20,0x20,0x72,0x65,0x74,0x75,0x72,
    0x6e,0x20,0x6c,0x65,0x72,0x70,0x28,0x6c,0x65,0x72,0x70,0x28,0x5f,0x32,0x36,0x33,
    0x2c,0x20,0x5f,0x32,0x36,0x38,0x2c,0x20,0x5f,0x32,0x37,0x31,0x29,0x2c,0x20,0x6c,
    0x65,0x72,0x70,0x28,0x5f,0x32,0x37,0x38,0x2c,0x20,0x5f,0x32,0x38,0x33,0x2c,0x20,
    0x5f,0x32,0x37,0x31,0x29,0x2c,0x20,0x5f,0x32,0x35,0x39,0x2e,0x79,0x2e,0x78,0x78,
    0x78,0x29,0x3b,0x0a,0x7d,0x0a,0x0a,0x76,0x6f,0x69,0x64,0x20,0x66,0x72,0x61,0x67,
    0x5f,0x6d,0x61,0x69,0x6e,0x28,0x29,0x0a,0x7b,0x0a,0x20,0x20,0x20,0x20,0x66,0x6c,
    0x6f,0x61,0x74,0x32,0x20,0x5f,0x33,0x30,0x38,0x20,0x3d,0x20,0x28,0x75,0x76,0x20,
    0x2a,0x20,0x5f,0x31,0x31,0x33,0x5f,0x77,0x69,0x6e,0x5f,0x73,0x69,0x7a,0x65,0x29,
    0x20,0x2d,0x20,0x5f,0x31,0x31,0x33,0x5f,0x6f,0x66,0x66,0x73,0x65,0x74,0x3b,0x0a,
    0x20,0x20,0x20,0x20,0x66,0x6c,0x6f,0x61,0x74,0x20,0x5f,0x33,0x31,0x30,0x20,0x3d,
    0x20,0x5f,0x33,0x30,0x38,0x2e,0x78,0x3b,0x0a,0x20,0x20,0x20,0x20,0x62,0x6f,0x6f,
    0x6c,0x20,0x5f,0x33,0x31,0x32,0x20,0x3d,0x20,0x5f,0x33,0x31,0x30,0x20,0x3c,0x20,
    0x30,0x2e,0x30,0x66,0x3b,0x0a,0x20,0x20,0x20,0x20,0x62,0x6f,0x6f,0x6c,0x20,0x5f,
    0x33,0x31,0x39,0x3b,0x0a,0x20,0x20,0x20,0x20,0x69,0x66,0x20,0x28,0x21,0x5f,0x33,
    0x31,0x32,0x29,0x0a,0x20,0x20,0x20,0x20,0x7b,0x0a,0x20,0x20,0x20,0x20,0x20,0x20,
    0x20,0x20,0x5f,0x33,0x31,0x39,0x20,0x3d,0x20,0x5f,0x33,0x30,0x38,0x2e,0x79,0x20,
    0x3c,0x20,0x30,0x2e,0x30,0x66,0x3b,0x0a,0x20,0x20,0x20,0x20,0x7d,0x0a,0x20,0x20,
    0x20,0x20,0x65,0x6c,0x73,0x65,0x0a,0x20,0x20,0x20,0x20,0x7b,0x0a,0x20,0x20,0x20,
    0x20,0x20,0x20,0x20,0x20,0x5f,0x33,0x31,0x39,0x20,0x3d,0x20,0x5f,0x33,0x31,0x32,
    0x3b,0x0a,0x20,0x20,0x20,0x20,0x7d,0x0a,0x20,0x20,0x20,0x20,0x62,0x6f,0x6f,0x6c,
    0x20,0x5f,0x33,0x32,0x38,0x3b,0x0a,0x20,0x20,0x20,0x20,0x69,0x66,0x20,0x28,0x21,
    0x5f,0x33,0x31,0x39,0x29,0x0a,0x20,0x20,0x20,0x20,0x7b,0x0a,0x20,0x20,0x20,0x20,
    0x20,0x20,0x20,0x20,0x5f,0x33,0x32,0x38,0x20,0x3d,0x20,0x5f,0x33,0x31,0x30,0x20,
    0x3e,0x3d,0x20,0x5f,0x31,0x31,0x33,0x5f,0x73,0x69,0x7a,0x65,0x2e,0x78,0x3b,0x0a,
    0x20,0x20,0x20,0x20,0x7d,0x0a,0x20,0x20,0x20,0x20,0x65,0x6c,0x73,0x65,0x0a,0x20,
    0x20,0x20,0x20,0x7b,0x0a,0x20,0x20,0x20,0x20,0x20,0x20,0x20,0x20,0x5f,0x33,0x32,
    0x38,0x20,0x3d,0x20,0x5f,0x33,0x31,0x39,0x3b,0x0a,0x20,0x20,0x20,0x20,0x7d,0x0a,
    0x20,0x20,0x20,0x20,0x62,0x6f,0x6f,0x6c,0x20,0x5f,0x33,0x33,0x37,0x3b,0x0a,0x20,
    0x20,0x20,0x20,0x69,0x66,0x20,0x28,0x21,0x5f,0x33,0x32,0x38,0x29,0x0a,0x20,0x20,
    0x20,0x20,0x7b,0x0a,0x20,0x20,0x20,0x20,0x20,0x20,0x20,0x20,0x5f,0x33,0x33,0x37,
    0x20,0x3d,0x20,0x5f,0x33,0x30,0x38,0x2e,0x79,0x20,0x3e,0x3d,0x20,0x5f,0x31,0x31,
    0x33,0x5f,0x73,0x69,0x7a,0x65,0x2e,0x79,0x3b,0x0a,0x20,0x20,0x20,0x20,0x7d,0x0a,
    0x20,0x20,0x20,0x20,0x65,0x6c,0x73,0x65,0x0a,0x20,0x20,0x20,0x20,0x7b,0x0a,0x20,
    0x20,0x20,0x20,0x20,0x20,0x20,0x20,0x5f,0x33,0x33,0x37,0x20,0x3d,0x20,0x5f,0x33,
    0x32,0x38,0x3b,0x0a,0x20,0x20,0x20,0x20,0x7d,0x0a,0x20,0x20,0x20,0x20,0x69,0x66,
    0x20,0x28,0x5f,0x33,0x33,0x37,0x29,0x0a,0x20,0x20,0x20,0x20,0x7b,0x0a,0x20,0x20,
    0x20,0x20,0x20,0x20,0x20,0x20,0x66,0x72,0x61,0x67,0x5f,0x63,0x6f,0x6c,0x6f,0x72,
    0x20,0x3d,0x20,0x66,0x6c,0x6f,0x61,0x74,0x34,0x28,0x5f,0x31,0x30,0x33,0x5f,0x61,
    0x70,0x70,0x5f,0x63,0x6f,0x6c,0x6f,0x72,0x73,0x5b,0x30,0x5d,0x2e,0x78,0x79,0x7a,
    0x2c,0x20,0x31,0x2e,0x30,0x66,0x29,0x3b,0x0a,0x20,0x20,0x20,0x20,0x20,0x20,0x20,
    0x20,0x72,0x65,0x74,0x75,0x72,0x6e,0x3b,0x0a,0x20,0x20,0x20,0x20,0x7d,0x0a,0x20,
    0x20,0x20,0x20,0x66,0x6c,0x6f,0x61,0x74,0x32,0x20,0x5f,0x33,0x35,0x34,0x20,0x3d,
    0x20,0x5f,0x33,0x30,0x38,0x20,0x2f,0x20,0x5f,0x31,0x31,0x33,0x5f,0x73,0x69,0x7a,
    0x65,0x3b,0x0a,0x20,0x20,0x20,0x20,0x5f,0x33,0x35,0x34,0x2e,0x79,0x20,0x3d,0x20,
    0x31,0x2e,0x30,0x66,0x20,0x2d,0x20,0x5f,0x33,0x35,0x34,0x2e,0x79,0x3b,0x0a,0x20,
    0x20,0x20,0x20,0x66,0x6c,0x6f,0x61,0x74,0x32,0x20,0x74,0x65,0x78,0x5f,0x75,0x76,
    0x20,0x3d,0x20,0x5f,0x33,0x35,0x34,0x3b,0x0a,0x20,0x20,0x20,0x20,0x75,0x69,0x6e,
    0x74,0x20,0x5f,0x33,0x36,0x35,0x5f,0x64,0x75,0x6d,0x6d,0x79,0x5f,0x70,0x61,0x72,
    0x61,0x6d,0x65,0x74,0x65,0x72,0x3b,0x0a,0x20,0x20,0x20,0x20,0x69,0x6e,0x74,0x32,
    0x20,0x5f,0x33,0x36,0x35,0x20,0x3d,0x20,0x69,0x6e,0x74,0x32,0x28,0x73,0x70,0x76,
    0x54,0x65,0x78,0x74,0x75,0x72,0x65,0x53,0x69,0x7a,0x65,0x28,0x74,0x65,0x78,0x5f,
    0x64,0x65,0x62,0x75,0x67,0x2c,0x20,0x75,0x69,0x6e,0x74,0x28,0x30,0x29,0x2c,0x20,
    0x5f,0x33,0x36,0x35,0x5f,0x64,0x75,0x6d,0x6d,0x79,0x5f,0x70,0x61,0x72,0x61,0x6d,
    0x65,0x74,0x65,0x72,0x29,0x29,0x3b,0x0a,0x20,0x20,0x20,0x20,0x69,0x6e,0x74,0x20,
    0x5f,0x33,0x38,0x36,0x20,0x3d,0x20,0x69,0x6e,0x74,0x28,0x28,0x74,0x65,0x78,0x5f,
    0x64,0x65,0x62,0x75,0x67,0x2e,0x4c,0x6f,0x61,0x64,0x28,0x69,0x6e,0x74,0x33,0x28,
    0x63,0x6c,0x61,0x6d,0x70,0x28,0x69,0x6e,0x74,0x32,0x28,0x5f,0x33,0x35,0x34,0x20,
    0x2a,0x20,0x66,0x6c,0x6f,0x61,0x74,0x32,0x28,0x5f,0x33,0x36,0x35,0x29,0x29,0x2c,
    0x20,0x69,0x6e,0x74,0x32,0x28,0x30,0x2c,0x20,0x30,0x29,0x2c,0x20,0x5f,0x33,0x36,
    0x35,0x20,0x2d,0x20,0x69,0x6e,0x74,0x32,0x28,0x31,0x2c,0x20,0x31,0x29,0x29,0x2c,
    0x20,0x30,0x29,0x29,0x2e,0x78,0x20,0x2a,0x20,0x32,0x35,0x35,0x2e,0x30,0x66,0x29,
    0x20,0x2b,0x20,0x30,0x2e,0x35,0x66,0x29,0x3b,0x0a,0x20,0x20,0x20,0x20,0x62,0x6f,
    0x6f,0x6c,0x20,0x5f,0x33,0x39,0x34,0x20,0x3d,0x20,0x5f,0x31,0x34,0x34,0x5f,0x66,
    0x69,0x6c,0x74,0x65,0x72,0x5f,0x6d,0x6f,0x64,0x65,0x20,0x3d,0x3d,0x20,0x33,0x3b,
    0x0a,0x20,0x20,0x20,0x20,0x62,0x6f,0x6f,0x6c,0x20,0x5f,0x33,0x39,0x39,0x3b,0x0a,
    0x20,0x20,0x20,0x20,0x69,0x66,0x20,0x28,0x5f,0x33,0x39,0x34,0x29,0x0a,0x20,0x20,
    0x20,0x20,0x7b,0x0a,0x20,0x20,0x20,0x20,0x20,0x20,0x20,0x20,0x5f,0x33,0x39,0x39,
    0x20,0x3d,0x20,0x21,0x69,0x6e,0x74,0x65,0x67,0x65,0x72,0x5f,0x73,0x63,0x61,0x6c,
    0x65,0x28,0x29,0x3b,0x0a,0x20,0x20,0x20,0x20,0x7d,0x0a,0x20,0x20,0x20,0x20,0x65,
    0x6c,0x73,0x65,0x0a,0x20,0x20,0x20,0x20,0x7b,0x0a,0x20,0x20,0x20,0x20,0x20,0x20,
    0x20,0x20,0x5f,0x33,0x39,0x39,0x20,0x3d,0x20,0x5f,0x33,0x39,0x34,0x3b,0x0a,0x20,
    0x20,0x20,0x20,0x7d,0x0a,0x20,0x20,0x20,0x20,0x69,0x66,0x20,0x28,0x5f,0x33,0x39,
    0x39,0x29,0x0a,0x20,0x20,0x20,0x20,0x7b,0x0a,0x20,0x20,0x20,0x20,0x20,0x20,0x20,
    0x20,0x66,0x6c,0x6f,0x61,0x74,0x32,0x20,0x70,0x61,0x72,0x61,0x6d,0x20,0x3d,0x20,
    0x74,0x65,0x78,0x5f,0x75,0x76,0x3b,0x0a,0x20,0x20,0x20,0x20,0x20,0x20,0x20,0x20,
    0x69,0x6e,0x74,0x32,0x20,0x70,0x61,0x72,0x61,0x6d,0x5f,0x31,0x20,0x3d,0x20,0x69,
    0x6e,0x74,0x32,0x28,0x5f,0x31,0x31,0x33,0x5f,0x61,0x70,0x70,0x5f,0x73,0x69,0x7a,
    0x65,0x29,0x3b,0x0a,0x20,0x20,0x20,0x20,0x20,0x20,0x20,0x20,0x74,0x65,0x78,0x5f,
    0x75,0x76,0x20,0x3d,0x20,0x75,0x76,0x5f,0x69,0x71,0x28,0x70,0x61,0x72,0x61,0x6d,
    0x2c,0x20,0x70,0x61,0x72,0x61,0x6d,0x5f,0x31,0x29,0x3b,0x0a,0x20,0x20,0x20,0x20,
    0x7d,0x0a,0x20,0x20,0x20,0x20,0x66,0x6c,0x6f,0x61,0x74,0x32,0x20,0x70,0x61,0x72,
    0x61,0x6d,0x5f,0x32,0x20,0x3d,0x20,0x74,0x65,0x78,0x5f,0x75,0x76,0x3b,0x0a,0x20,
    0x20,0x20,0x20,0x66,0x72,0x61,0x67,0x5f,0x63,0x6f,0x6c,0x6f,0x72,0x20,0x3d,0x20,
    0x66,0x6c,0x6f,0x61,0x74,0x34,0x28,0x6c,0x65,0x72,0x70,0x28,0x73,0x61,0x6d,0x70,
    0x6c,0x65,0x5f,0x70,0x61,0x6c,0x65,0x74,0x74,0x65,0x28,0x70,0x61,0x72,0x61,0x6d,
    0x5f,0x32,0x29,0x2c,0x20,0x5f,0x31,0x30,0x33,0x5f,0x64,0x62,0x67,0x5f,0x63,0x6f,
    0x6c,0x6f,0x72,0x73,0x5b,0x5f,0x33,0x38,0x36,0x5d,0x2e,0x78,0x79,0x7a,0x2c,0x20,
    0x5f,0x31,0x30,0x33,0x5f,0x64,0x62,0x67,0x5f,0x63,0x6f,0x6c,0x6f,0x72,0x73,0x5b,
    0x5f,0x33,0x38,0x36,0x5d,0x2e,0x77,0x2e,0x78,0x78,0x78,0x29,0x2c,0x20,0x31,0x2e,
    0x30,0x66,0x29,0x3b,0x0a,0x7d,0x0a,0x0a,0x53,0x50,0x49,0x52,0x56,0x5f,0x43,0x72,
    0x6f,0x73,0x73,0x5f,0x4f,0x75,0x74,0x70,0x75,0x74,0x20,0x6d,0x61,0x69,0x6e,0x28,
    0x53,0x50,0x49,0x52,0x56,0x5f,0x43,0x72,0x6f,0x73,0x73,0x5f,0x49,0x6e,0x70,0x75,
    0x74,0x20,0x73,0x74,0x61,0x67,0x65,0x5f,0x69,0x6e,0x70,0x75,0x74,0x29,0x0a,0x7b,
    0x0a,0x20,0x20,0x20,0x20,0x75,0x76,0x20,0x3d,0x20,0x73,0x74,0x61,0x67,0x65,0x5f,
    0x69,0x6e,0x70,0x75,0x74,0x2e,0x75,0x76,0x3b,0x0a,0x20,0x20,0x20,0x20,0x66,0x72,
    0x61,0x67,0x5f,0x6d,0x61,0x69,0x6e,0x28,0x29,0x3b,0x0a,0x20,0x20,0x20,0x20,0x53,
    0x50,0x49,0x52,0x56,0x5f,0x43,0x72,0x6f,0x73,0x73,0x5f,0x4f,0x75,0x74,0x70,0x75,
    0x74,0x20,0x73,0x74,0x61,0x67,0x65,0x5f,0x6f,0x75,0x74,0x70,0x75,0x74,0x3b,0x0a,
    0x20,0x20,0x20,0x20,0x73,0x74,0x61,0x67,0x65,0x5f,0x6f,0x75,0x74,0x70,0x75,0x74,
    0x2e,0x66,0x72,0x61,0x67,0x5f,0x63,0x6f,0x6c,0x6f,0x72,0x20,0x3d,0x20,0x66,0x72,
    0x61,0x67,0x5f,0x63,0x6f,0x6c,0x6f,0x72,0x3b,0x0a,0x20,0x20,0x20,0x20,0x72,0x65,
    0x74,0x75,0x72,0x6e,0x20,0x73,0x74,0x61,0x67,0x65,0x5f,0x6f,0x75,0x74,0x70,0x75,
    0x74,0x3b,0x0a,0x7d,0x0a,0x00,
};
/*
    #include <metal_stdlib>
    #include <simd/simd.h>

    using namespace metal;

    struct main0_out
    {
        float2 uv [[user(locn0)]];
        float4 gl_Position [[position]];
    };

    struct main0_in
    {
        float4 pos [[attribute(0)]];
        float2 texcoord0 [[attribute(1)]];
    };

    vertex main0_out main0(main0_in in [[stage_in]])
    {
        main0_out out = {};
        out.gl_Position = in.pos;
        out.uv = in.texcoord0;
        return out;
    }

*/
static const uint8_t vs_source_metal_macos[409] = {
    0x23,0x69,0x6e,0x63,0x6c,0x75,0x64,0x65,0x20,0x3c,0x6d,0x65,0x74,0x61,0x6c,0x5f,
    0x73,0x74,0x64,0x6c,0x69,0x62,0x3e,0x0a,0x23,0x69,0x6e,0x63,0x6c,0x75,0x64,0x65,
    0x20,0x3c,0x73,0x69,0x6d,0x64,0x2f,0x73,0x69,0x6d,0x64,0x2e,0x68,0x3e,0x0a,0x0a,
    0x75,0x73,0x69,0x6e,0x67,0x20,0x6e,0x61,0x6d,0x65,0x73,0x70,0x61,0x63,0x65,0x20,
    0x6d,0x65,0x74,0x61,0x6c,0x3b,0x0a,0x0a,0x73,0x74,0x72,0x75,0x63,0x74,0x20,0x6d,
    0x61,0x69,0x6e,0x30,0x5f,0x6f,0x75,0x74,0x0a,0x7b,0x0a,0x20,0x20,0x20,0x20,0x66,
    0x6c,0x6f,0x61,0x74,0x32,0x20,0x75,0x76,0x20,0x5b,0x5b,0x75,0x73,0x65,0x72,0x28,
    0x6c,0x6f,0x63,0x6e,0x30,0x29,0x5d,0x5d,0x3b,0x0a,0x20,0x20,0x20,0x20,0x66,0x6c,
    0x6f,0x61,0x74,0x34,0x20,0x67,0x6c,0x5f,0x50,0x6f,0x73,0x69,0x74,0x69,0x6f,0x6e,
    0x20,0x5b,0x5b,0x70,0x6f,0x73,0x69,0x74,0x69,0x6f,0x6e,0x5d,0x5d,0x3b,0x0a,0x7d,
    0x3b,0x0a,0x0a,0x73,0x74,0x72,0x75,0x63,0x74,0x20,0x6d,0x61,0x69,0x6e,0x30,0x5f,
    0x69,0x6e,0x0a,0x7b,0x0a,0x20,0x20,0x20,0x20,0x66,0x6c,0x6f,0x61,0x74,0x34,0x20,
    0x70,0x6f,0x73,0x20,0x5b,0x5b,0x61,0x74,0x74,0x72,0x69,0x62,0x75,0x74,0x65,0x28,
    0x30,0x29,0x5d,0x5d,0x3b,0x0a,0x20,0x20,0x20,0x20,0x66,0x6c,0x6f,0x61,0x74,0x32,
    0x20,0x74,0x65,0x78,0x63,0x6f,0x6f,0x72,0x64,0x30,0x20,0x5b,0x5b,0x61,0x74,0x74,
    0x72,0x69,0x62,0x75,0x74,0x65,0x28,0x31,0x29,0x5d,0x5d,0x3b,0x0a,0x7d,0x3b,0x0a,
    0x0a,0x76,0x65,0x72,0x74,0x65,0x78,0x20,0x6d,0x61,0x69,0x6e,0x30,0x5f,0x6f,0x75,
    0x74,0x20,0x6d,0x61,0x69,0x6e,0x30,0x28,0x6d,0x61,0x69,0x6e,0x30,0x5f,0x69,0x6e,
    0x20,0x69,0x6e,0x20,0x5b,0x5b,0x73,0x74,0x61,0x67,0x65,0x5f,0x69,0x6e,0x5d,0x5d,
    0x29,0x0a,0x7b,0x0a,0x20,0x20,0x20,0x20,0x6d,0x61,0x69,0x6e,0x30,0x5f,0x6f,0x75,
    0x74,0x20,0x6f,0x75,0x74,0x20,0x3d,0x20,0x7b,0x7d,0x3b,0x0a,0x20,0x20,0x20,0x20,
    0x6f,0x75,0x74,0x2e,0x67,0x6c,0x5f,0x50,0x6f,0x73,0x69,0x74,0x69,0x6f,0x6e,0x20,
    0x3d,0x20,0x69,0x6e,0x2e,0x70,0x6f,0x73,0x3b,0x0a,0x20,0x20,0x20,0x20,0x6f,0x75,
    0x74,0x2e,0x75,0x76,0x20,0x3d,0x20,0x69,0x6e,0x2e,0x74,0x65,0x78,0x63,0x6f,0x6f,
    0x72,0x64,0x30,0x3b,0x0a,0x20,0x20,0x20,0x20,0x72,0x65,0x74,0x75,0x72,0x6e,0x20,
    0x6f,0x75,0x74,0x3b,0x0a,0x7d,0x0a,0x0a,0x00,
};
/*
    #pragma clang diagnostic ignored "-Wmissing-prototypes"

    #include <metal_stdlib>
    #include <simd/simd.h>

    using namespace metal;

    struct s_colors
    {
        float4 app_colors[256];
        float4 dbg_colors[256];
    };

    struct s_buffer_params
    {
        float2 offset;
        float2 size;
        float2 app_size;
        float2 win_size;
        float2 scale;
    };

    struct s_params
    {
        int filter_mode;
        float time;
    };

    struct main0_out
    {
        float4 frag_color [[color(0)]];
    };

    struct main0_in
    {
        float2 uv [[user(locn0)]];
    };

    static inline __attribute__((always_inline))
    bool integer_scale(constant s_buffer_params& _113)
    {
        bool _122 = all(_113.scale >= float2(1.0));
        bool _132;
        if (_122)
        {
            _132 = all(_113.scale == floor(_113.scale));
        }
        else
        {
            _132 = _122;
        }
        return _132;
    }

    static inline __attribute__((always_inline))
    float2 uv_iq(thread const float2& uv, thread const int2& texture_size)
    {
        float2 _34 = uv * float2(texture_size);
        float2 _40 = floor(_34 + float2(0.5));
        return (_40 + fast::clamp((_34 - _40) / fwidth(_34), float2(-0.5), float2(0.5))) / float2(texture_size);
    }

    static inline __attribute__((always_inline))
    float3 palette_color(thread int2& pos, texture2d<float> tex, sampler smp, constant s_colors& _103)
    {
        pos = clamp(pos, int2(0), int2(tex.get_width(), tex.get_height()) - int2(1));
        return _103.app_colors[int((tex.read(uint2(pos), 0).x * 255.0) + 0.5)].xyz;
    }

    static inline __attribute__((always_inline))
    float3 sample_palette(thread const float2& sample_uv, texture2d<float> tex, sampler smp, constant s_colors& _103, constant s_buffer_params& _113, constant s_params& _144)
    {
        float2 _141 = float2(int2(tex.get_width(), tex.get_height()));
        bool _148 = _144.filter_mode == 1;
        bool _153;
        if (!_148)
        {
            _153 = integer_scale(_113);
        }
        else
        {
            _153 = _148;
        }
        if (_153)
        {
            int2 param = int2(floor(sample_uv * _141));
            float3 _162 = palette_color(param, tex, smp, _103);
            return _162;
        }
        if (_144.filter_mode == 2)
        {
            float _177 = fast::max(1.0, floor(_113.scale.x + 0.5));
            float2 _185 = ((sample_uv * _141) * _177) - float2(0.5);
            float2 _188 = floor(_185);
            float2 _191 = fract(_185);
            float2 _195 = float2(_177);
            int2 _198 = int2(floor(_188 / _195));
            int2 _207 = int2(floor((_188 + float2(1.0)) / _195));
            int2 param_1 = _198;
            float3 _212 = palette_color(param_1, tex, smp, _103);
            int2 param_2 = int2(_207.x, _198.y);
            float3 _220 = palette_color(param_2, tex, smp, _103);
            float3 _223 = float3(_191.x);
            int2 param_3 = int2(_198.x, _207.y);
            float3 _232 = palette_color(param_3, tex, smp, _103);
            int2 param_4 = _207;
            float3 _235 = palette_color(param_4, tex, smp, _103);
            return mix(mix(_212, _220, _223), mix(_232, _235, _223), float3(_191.y));
        }
        float2 _252 = (sample_uv * _141) - float2(0.5);
        int2 _256 = int2(floor(_252));
        float2 _259 = fract(_252);
        int2 param_5 = _256;
        float3 _263 = palette_color(param_5, tex, smp, _103);
        int2 param_6 = _256 + int2(1, 0);
        float3 _268 = palette_color(param_6, tex, smp, _103);
        float3 _271 = float3(_259.x);
        int2 param_7 = _256 + int2(0, 1);
        float3 _278 = palette_color(param_7, tex, smp, _103);
        int2 param_8 = _256 + int2(1);
        float3 _283 = palette_color(param_8, tex, smp, _103);
        return mix(mix(_263, _268, _271), mix(_278, _283, _271), float3(_259.y));
    }

    fragment main0_out main0(main0_in in [[stage_in]], constant s_colors& _103 [[buffer(0)]], constant s_buffer_params& _113 [[buffer(1)]], constant s_params& _144 [[buffer(2)]], texture2d<float> tex [[texture(0)]], texture2d<float> tex_debug [[texture(1)]], sampler smp [[sampler(0)]])
    {
        main0_out out = {};
        float2 _308 = (in.uv * _113.win_size) - _113.offset;
        float _310 = _308.x;
        bool _312 = _310 < 0.0;
        bool _319;
        if (!_312)
        {
            _319 = _308.y < 0.0;
        }
        else
        {
            _319 = _312;
        }
        bool _328;
        if (!_319)
        {
            _328 = _310 >= _113.size.x;
        }
        else
        {
            _328 = _319;
        }
        bool _337;
        if (!_328)
        {
            _337 = _308.y >= _113.size.y;
        }
        else
        {
            _337 = _328;
        }
        if (_337)
        {
            out.frag_color = float4(_103.app_colors[0].xyz, 1.0);
            return out;
        }
        float2 _354 = _308 / _113.size;
        _354.y = 1.0 - _354.y;
        float2 tex_uv = _354;
        int2 _365 = int2(tex_debug.get_width(), tex_debug.get_height());
        int _386 = int((tex_debug.read(uint2(clamp(int2(_354 * float2(_365)), int2(0), _365 - int2(1))), 0).x * 255.0) + 0.5);
        bool _394 = _144.filter_mode == 3;
        bool _399;
        if (_394)
        {
            _399 = !integer_scale(_113);
        }
        else
        {
            _399 = _394;
        }
        if (_399)
        {
            float2 param = tex_uv;
            int2 param_1 = int2(_113.app_size);
            tex_uv = uv_iq(param, param_1);
        }
        float2 param_2 = tex_uv;
        out.frag_color = float4(mix(sample_palette(param_2, tex, smp, _103, _113, _144), _103.dbg_colors[_386].xyz, float3(_103.dbg_colors[_386].w)), 1.0);
        return out;
    }

*/
static const uint8_t fs_source_metal_macos[5203] = {
    0x23,0x70,0x72,0x61,0x67,0x6d,0x61,0x20,0x63,0x6c,0x61,0x6e,0x67,0x20,0x64,0x69,
    0x61,0x67,0x6e,0x6f,0x73,0x74,0x69,0x63,0x20,0x69,0x67,0x6e,0x6f,0x72,0x65,0x64,
    0x20,0x22,0x2d,0x57,0x6d,0x69,0x73,0x73,0x69,0x6e,0x67,0x2d,0x70,0x72,0x6f,0x74,
    0x6f,0x74,0x79,0x70,0x65,0x73,0x22,0x0a,0x0a,0x23,0x69,0x6e,0x63,0x6c,0x75,0x64,
    0x65,0x20,0x3c,0x6d,0x65,0x74,0x61,0x6c,0x5f,0x73,0x74,0x64,0x6c,0x69,0x62,0x3e,
    0x0a,0x23,0x69,0x6e,0x63,0x6c,0x75,0x64,0x65,0x20,0x3c,0x73,0x69,0x6d,0x64,0x2f,
    0x73,0x69,0x6d,0x64,0x2e,0x68,0x3e,0x0a,0x0a,0x75,0x73,0x69,0x6e,0x67,0x20,0x6e,
    0x61,0x6d,0x65,0x73,0x70,0x61,0x63,0x65,0x20,0x6d,0x65,0x74,0x61,0x6c,0x3b,0x0a,
    0x0a,0x73,0x74,0x72,0x75,0x63,0x74,0x20,0x73,0x5f,0x63,0x6f,0x6c,0x6f,0x72,0x73,
    0x0a,0x7b,0x0a,0x20,0x20,0x20,0x20,0x66,0x6c,0x6f,0x61,0x74,0x34,0x20,0x61,0x70,
    0x70,0x5f,0x63,0x6f,0x6c,0x6f,0x72,0x73,0x5b,0x32,0x35,0x36,0x5d,0x3b,0x0a,0x20,
    0x20,0x20,0x20,0x66,0x6c,0x6f,0x61,0x74,0x34,0x20,0x64,0x62,0x67,0x5f,0x63,0x6f,
    0x6c,0x6f,0x72,0x73,0x5b,0x32,0x35,0x36,0x5d,0x3b,0x0a,0x7d,0x3b,0x0a,0x0a,0x73,
    0x74,0x72,0x75,0x63,0x74,0x20,0x73,0x5f,0x62,0x75,0x66,0x66,0x65,0x72,0x5f,0x70,
    0x61,0x72,0x61,0x6d,0x73,0x0a,0x7b,0x0a,0x20,0x20,0x20,0x20,0x66,0x6c,0x6f,0x61,
    0x74,0x32,0x20,0x6f,0x66,0x66,0x73,0x65,0x74,0x3b,0x0a,0x20,0x20,0x20,0x20,0x66,
    0x6c,0x6f,0x61,0x74,0x32,0x20,0x73,0x69,0x7a,0x65,0x3b,0x0a,0x20,0x20,0x20,0x20,
    0x66,0x6c,0x6f,0x61,0x74,0x32,0x20,0x61,0x70,0x70,0x5f,0x73,0x69,0x7a,0x65,0x3b,
    0x0a,0x20,0x20,0x20,0x20,0x66,0x6c,0x6f,0x61,0x74,0x32,0x20,0x77,0x69,0x6e,0x5f,
    0x73,0x69,0x7a,0x65,0x3b,0x0a,0x20,0x20,0x20,0x20,0x66,0x6c,0x6f,0x61,0x74,0x32,
    0x20,0x73,0x63,0x61,0x6c,0x65,0x3b,0x0a,0x7d,0x3b,0x0a,0x0a,0x73,0x74,0x72,0x75,
    0x63,0x74,0x20,0x73,0x5f,0x70,0x61,0x72,0x61,0x6d,0x73,0x0a,0x7b,0x0a,0x20,0x20,
    0x20,0x20,0x69,0x6e,0x74,0x20,0x66,0x69,0x6c,0x74,0x65,0x72,0x5f,0x6d,0x6f,0x64,
    0x65,0x3b,0x0a,0x20,0x20,0x20,0x20,0x66,0x6c,0x6f,0x61,0x74,0x20,0x74,0x69,0x6d,
    0x65,0x3b,0x0a,0x7d,0x3b,0x0a,0x0a,0x73,0x74,0x72,0x75,0x63,0x74,0x20,0x6d,0x61,
    0x69,0x6e,0x30,0x5f,0x6f,0x75,0x74,0x0a,0x7b,0x0a,0x20,0x20,0x20,0x20,0x66,0x6c,
    0x6f,0x61,0x74,0x34,0x20,0x66,0x72,0x61,0x67,0x5f,0x63,0x6f,0x6c,0x6f,0x72,0x20,
    0x5b,0x5b,0x63,0x6f,0x6c,0x6f,0x72,0x28,0x30,0x29,0x5d,0x5d,0x3b,0x0a,0x7d,0x3b,
    0x0a,0x0a,0x73,0x74,0x72,0x75,0x63,0x74,0x20,0x6d,0x61,0x69,0x6e,0x30,0x5f,0x69,
    0x6e,0x0a,0x7b,0x0a,0x20,0x20,0x20,0x20,0x66,0x6c,0x6f,0x61,0x74,0x32,0x20,0x75,
    0x76,0x20,0x5b,0x5b,0x75,0x73,0x65,0x72,0x28,0x6c,0x6f,0x63,0x6e,0x30,0x29,0x5d,
    0x5d,0x3b,0x0a,0x7d,0x3b,0x0a,0x0a,0x73,0x74,0x61,0x74,0x69,0x63,0x20,0x69,0x6e,
    0x6c,0x69,0x6e,0x65,0x20,0x5f,0x5f,0x61,0x74,0x74,0x72,0x69,0x62,0x75,0x74,0x65,
    0x5f,0x5f,0x28,0x28,0x61,0x6c,0x77,0x61,0x79,0x73,0x5f,0x69,0x6e,0x6c,0x69,0x6e,
    0x65,0x29,0x29,0x0a,0x62,0x6f,0x6f,0x6c,0x20,0x69,0x6e,0x74,0x65,0x67,0x65,0x72,
    0x5f,0x73,0x63,0x61,0x6c,0x65,0x28,0x63,0x6f,0x6e,0x73,0x74,0x61,0x6e,0x74,0x20,
    0x73,0x5f,0x62,0x75,0x66,0x66,0x65,0x72,0x5f,0x70,0x61,0x72,0x61,0x6d,0x73,0x26,
    0x20,0x5f,0x31,0x31,0x33,0x29,0x0a,0x7b,0x0a,0x20,0x20,0x20,0x20,0x62,0x6f,0x6f,
    0x6c,0x20,0x5f,0x31,0x32,0x32,0x20,0x3d,0x20,0x61,0x6c,0x6c,0x28,0x5f,0x31,0x31,
    0x33,0x2e,0x73,0x63,0x61,0x6c,0x65,0x20,0x3e,0x3d,0x20,0x66,0x6c,0x6f,0x61,0x74,
    0x32,0x28,0x31,0x2e,0x30,0x29,0x29,0x3b,0x0a,0x20,0x20,0x20,0x20,0x62,0x6f,0x6f,
    0x6c,0x20,0x5f,0x31,0x33,0x32,0x3b,0x0a,0x20,0x20,0x20,0x20,0x69,0x66,0x20,0x28,
    0x5f,0x31,0x32,0x32,0x29,0x0a,0x20,0x20,0x20,0x20,0x7b,0x0a,0x20,0x20,0x20,0x20,
    0x20,0x20,0x20,0x20,0x5f,0x31,0x33,0x32,0x20,0x3d,0x20,0x61,0x6c,0x6c,0x28,0x5f,
    0x31,0x31,0x33,0x2e,0x73,0x63,0x61,0x6c,0x65,0x20,0x3d,0x3d,0x20,0x66,0x6c,0x6f,
    0x6f,0x72,0x28,0x5f,0x31,0x31,0x33,0x2e,0x73,0x63,0x61,0x6c,0x65,0x29,0x29,0x3b,
    0x0a,0x20,0x20,0x20,0x20,0x7d,0x0a,0x20,0x20,0x20,0x20,0x65,0x6c,0x73,0x65,0x0a,
    0x20,0x20,0x20,0x20,0x7b,0x0a,0x20,0x20,0x20,0x20,0x20,0x20,0x20,0x20,0x5f,0x31,
    0x33,0x32,0x20,0x3d,0x20,0x5f,0x31,0x32,0x32,0x3b,0x0a,0x20,0x20,0x20,0x20,0x7d,
    0x0a,0x20,0x20,0x20,0x20,0x72,0x65,0x74,0x75,0x72,0x6e,0x20,0x5f,0x31,0x33,0x32,
    0x3b,0x0a,0x7d,0x0a,0x0a,0x73,0x74,0x61,0x74,0x69,0x63,0x20,0x69,0x6e,0x6c,0x69,
    0x6e,0x65,0x20,0x5f,0x5f,0x61,0x74,0x74,0x72,0x69,0x62,0x75,0x74,0x65,0x5f,0x5f,
    0x28,0x28,0x61,0x6c,0x77,0x61,0x79,0x73,0x5f,0x69,0x6e,0x6c,0x69,0x6e,0x65,0x29,
    0x29,0x0a,0x66,0x6c,0x6f,0x61,0x74,0x32,0x20,0x75,0x76,0x5f,0x69,0x71,0x28,0x74,
    0x68,0x72,0x65,0x61,0x64,0x20,0x63,0x6f,0x6e,0x73,0x74,0x20,0x66,0x6c,0x6f,0x61,
    0x74,0x32,0x26,0x20,0x75,0x76,0x2c,0x20,0x74,0x68,0x72,0x65,0x61,0x64,0x20,0x63,
    0x6f,0x6e,0x73,0x74,0x20,0x69,0x6e,0x74,0x32,0x26,0x20,0x74,0x65,0x78,0x74,0x75,
    0x72,0x65,0x5f,0x73,0x69,0x7a,0x65,0x29,0x0a,0x7b,0x0a,0x20,0x20,0x20,0x20,0x66,
    0x6c,0x6f,0x61,0x74,0x32,0x20,0x5f,0x33,0x34,0x20,0x3d,0x20,0x75,0x76,0x20,0x2a,
    0x20,0x66,0x6c,0x6f,0x61,0x74,0x32,0x28,0x74,0x65,0x78,0x74,0x75,0x72,0x65,0x5f,
    0x73,0x69,0x7a,0x65,0x29,0x3b,0x0a,0x20,0x20,0x20,0x20,0x66,0x6c,0x6f,0x61,0x74,
    0x32,0x20,0x5f,0x34,0x30,0x20,0x3d,0x20,0x66,0x6c,0x6f,0x6f,0x72,0x28,0x5f,0x33,
    0x34,0x20,0x2b,0x20,0x66,0x6c,0x6f,0x61,0x74,0x32,0x28,0x30,0x2e,0x35,0x29,0x29,
    0x3b,0x0a,0x20,0x20,0x20,0x20,0x72,0x65,0x74,0x75,0x72,0x6e,0x20,0x28,0x5f,0x34,
    0x30,0x20,0x2b,0x20,0x66,0x61,0x73,0x74,0x3a,0x3a,0x63,0x6c,0x61,0x6d,0x70,0x28,
    0x28,0x5f,0x33,0x34,0x20,0x2d,0x20,0x5f,0x34,0x30,0x29,0x20,0x2f,0x20,0x66,0x77,
    0x69,0x64,0x74,0x68,0x28,0x5f,0x33,0x34,0x29,0x2c,0x20,0x66,0x6c,0x6f,0x61,0x74,
    0x32,0x28,0x2d,0x30,0x2e,0x35,0x29,0x2c,0x20,0x66,0x6c,0x6f,0x61,0x74,0x32,0x28,
    0x30,0x2e,0x35,0x29,0x29,0x29,0x20,0x2f,0x20,0x66,0x6c,0x6f,0x61,0x74,0x32,0x28,
    0x74,0x65,0x78,0x74,0x75,0x72,0x65,0x5f,0x73,0x69,0x7a,0x65,0x29,0x3b,0x0a,0x7d,
    0x0a,0x0a,0x73,0x74,0x61,0x74,0x69,0x63,0x20,0x69,0x6e,0x6c,0x69,0x6e,0x65,0x20,
    0x5f,0x5f,0x61,0x74,0x74,0x72,0x69,0x62,0x75,0x74,0x65,0x5f,0x5f,0x28,0x28,0x61,
    0x6c,0x77,0x61,0x79,0x73,0x5f,0x69,0x6e,0x6c,0x69,0x6e,0x65,0x29,0x29,0x0a,0x66,
    0x6c,0x6f,0x61,0x74,0x33,0x20,0x70,0x61,0x6c,0x65,0x74,0x74,0x65,0x5f,0x63,0x6f,
    0x6c,0x6f,0x72,0x28,0x74,0x68,0x72,0x65,0x61,0x64,0x20,0x69,0x6e,0x74,0x32,0x26,
    0x20,0x70,0x6f,0x73,0x2c,0x20,0x74,0x65,0x78,0x74,0x75,0x72,0x65,0x32,0x64,0x3c,
    0x66,0x6c,0x6f,0x61,0x74,0x3e,0x20,0x74,0x65,0x78,0x2c,0x20,0x73,0x61,0x6d,0x70,
    0x6c,0x65,0x72,0x20,0x73,0x6d,0x70,0x2c,0x20,0x63,0x6f,0x6e,0x73,0x74,0x61,0x6e,
    0x74,0x20,0x73,0x5f,0x63,0x6f,0x6c,0x6f,0x72,0x73,0x26,0x20,0x5f,0x31,0x30,0x33,
    0x29,0x0a,0x7b,0x0a,0x20,0x20,0x20,0x20,0x70,0x6f,0x73,0x20,0x3d,0x20,0x63,0x6c,
    0x61,0x6d,0x70,0x28,0x70,0x6f,0x73,0x2c,0x20,0x69,0x6e,0x74,0x32,0x28,0x30,0x29,
    0x2c,0x20,0x69,0x6e,0x74,0x32,0x28,0x74,0x65,0x78,0x2e,0x67,0x65,0x74,0x5f,0x77,
    0x69,0x64,0x74,0x68,0x28,0x29,0x2c,0x20,0x74,0x65,0x78,0x2e,0x67,0x65,0x74,0x5f,
    0x68,0x65,0x69,0x67,0x68,0x74,0x28,0x29,0x29,0x20,0x2d,0x20,0x69,0x6e,0x74,0x32,
    0x28,0x31,0x29,0x29,0x3b,0x0a,0x20,0x20,0x20,0x20,0x72,0x65,0x74,0x75,0x72,0x6e,
    0x20,0x5f,0x31,0x30,0x33,0x2e,0x61,0x70,0x70,0x5f,0x63,0x6f,0x6c,0x6f,0x72,0x73,
    0x5b,0x69,0x6e,0x74,0x28,0x28,0x74,0x65,0x78,0x2e,0x72,0x65,0x61,0x64,0x28,0x75,
    0x69,0x6e,0x74,0x32,0x28,0x70,0x6f,0x73,0x29,0x2c,0x20,0x30,0x29,0x2e,0x78,0x20,
    0x2a,0x20,0x32,0x35,0x35,0x2e,0x30,0x29,0x20,0x2b,0x20,0x30,0x2e,0x35,0x29,0x5d,
    0x2e,0x78,0x79,0x7a,0x3b,0x0a,0x7d,0x0a,0x0a,0x73,0x74,0x61,0x74,0x69,0x63,0x20,
    0x69,0x6e,0x6c,0x69,0x6e,0x65,0x20,0x5f,0x5f,0x61,0x74,0x74,0x72,0x69,0x62,0x75,
    0x74,0x65,0x5f,0x5f,0x28,0x28,0x61,0x6c,0x77,0x61,0x79,0x73,0x5f,0x69,0x6e,0x6c,
    0x69,0x6e,0x65,0x29,0x29,0x0a,0x66,0x6c,0x6f,0x61,0x74,0x33,0x20,0x73,0x61,0x6d,
    0x70,0x6c,0x65,0x5f,0x70,0x61,0x6c,0x65,0x74,0x74,0x65,0x28,0x74,0x68,0x72,0x65,
    0x61,0x64,0x20,0x63,0x6f,0x6e,0x73,0x74,0x20,0x66,0x6c,0x6f,0x61,0x74,0x32,0x26,
    0x20,0x73,0x61,0x6d,0x70,0x6c,0x65,0x5f,0x75,0x76,0x2c,0x20,0x74,0x65,0x78,0x74,
    0x75,0x72,0x65,0x32,0x64,0x3c,0x66,0x6c,0x6f,0x61,0x74,0x3e,0x20,0x74,0x65,0x78,
    0x2c,0x20,0x73,0x61,0x6d,0x70,0x6c,0x65,0x72,0x20,0x73,0x6d,0x70,0x2c,0x20,0x63,
    0x6f,0x6e,0x73,0x74,0x61,0x6e,0x74,0x20,0x73,0x5f,0x63,0x6f,0x6c,0x6f,0x72,0x73,
    0x26,0x20,0x5f,0x31,0x30,0x33,0x2c,0x20,0x63,0x6f,0x6e,0x73,0x74,0x61,0x6e,0x74,
    0x20,0x73,0x5f,0x62,0x75,0x66,0x66,0x65,0x72,0x5f,0x70,0x61,0x72,0x61,0x6d,0x73,
    0x26,0x20,0x5f,0x31,0x31,0x33,0x2c,0x20,0x63,0x6f,0x6e,0x73,0x74,0x61,0x6e,0x74,
    0x20,0x73,0x5f,0x70,0x61,0x72,0x61,0x6d,0x73,0x26,0x20,0x5f,0x31,0x34,0x34,0x29,
    0x0a,0x7b,0x0a,0x20,0x20,0x20,0x20,0x66,0x6c,0x6f,0x61,0x74,0x32,0x20,0x5f,0x31,
    0x34,0x31,0x20,0x3d,0x20,0x66,0x6c,0x6f,0x61,0x74,0x32,0x28,0x69,0x6e,0x74,0x32,
    0x28,0x74,0x65,0x78,0x2e,0x67,0x65,0x74,0x5f,0x77,0x69,0x64,0x74,0x68,0x28,0x29,
    0x2c,0x20,0x74,0x65,0x78,0x2e,0x67,0x65,0x74,0x5f,0x68,0x65,0x69,0x67,0x68,0x74,
    0x28,0x29,0x29,0x29,0x3b,0x0a,0x20,0x20,0x20,0x20,0x62,0x6f,0x6f,0x6c,0x20,0x5f,
    0x31,0x34,0x38,0x20,0x3d,0x20,0x5f,0x31,0x34,0x34,0x2e,0x66,0x69,0x6c,0x74,0x65,
    0x72,0x5f,0x6d,0x6f,0x64,0x65,0x20,0x3d,0x3d,0x20,0x31,0x3b,0x0a,0x20,0x20,0x20,
    0x20,0x62,0x6f,0x6f,0x6c,0x20,0x5f,0x31,0x35,0x33,0x3b,0x0a,0x20,0x20,0x20,0x20,
    0x69,0x66,0x20,0x28,0x21,0x5f,0x31,0x34,0x38,0x29,0x0a,0x20,0x20,0x20,0x20,0x7b,
    0x0a,0x20,0x20,0x20,0x20,0x20,0x20,0x20,0x20,0x5f,0x31,0x35,0x33,0x20,0x3d,0x20,
    0x69,0x6e,0x74,0x65,0x67,0x65,0x72,0x5f,0x73,0x63,0x61,0x6c,0x65,0x28,0x5f,0x31,
    0x31,0x33,0x29,0x3b,0x0a,0x20,0x20,0x20,0x20,0x7d,0x0a,0x20,0x20,0x20,0x20,0x65,
    0x6c,0x73,0x65,0x0a,0x20,0x20,0x20,0x20,0x7b,0x0a,0x20,0x20,0x20,0x20,0x20,0x20,
    0x20,0x20,0x5f,0x31,0x35,0x33,0x20,0x3d,0x20,0x5f,0x31,0x34,0x38,0x3b,0x0a,0x20,
    0x20,0x20,0x20,0x7d,0x0a,0x20,0x20,0x20,0x20,0x69,0x66,0x20,0x28,0x5f,0x31,0x35,
    0x33,0x29,0x0a,0x20,0x20,0x20,0x20,0x7b,0x0a,0x20,0x20,0x20,0x20,0x20,0x20,0x20,
    0x20,0x69,0x6e,0x74,0x32,0x20,0x70,0x61,0x72,0x61,0x6d,0x20,0x3d,0x20,0x69,0x6e,
    0x74,0x32,0x28,0x66,0x6c,0x6f,0x6f,0x72,0x28,0x73,0x61,0x6d,0x70,0x6c,0x65,0x5f,
    0x75,0x76,0x20,0x2a,0x20,0x5f,0x31,0x34,0x31,0x29,0x29,0x3b,0x0a,0x20,0x20,0x20,
    0x20,0x20,0x20,0x20,0x20,0x66,0x6c,0x6f,0x61,0x74,0x33,0x20,0x5f,0x31,0x36,0x32,
    0x20,0x3d,0x20,0x70,0x61,0x6c,0x65,0x74,0x74,0x65,0x5f,0x63,0x6f,0x6c,0x6f,0x72,
    0x28,0x70,0x61,0x72,0x61,0x6d,0x2c,0x20,0x74,0x65,0x78,0x2c,0x20,0x73,0x6d,0x70,
    0x2c,0x20,0x5f,0x31,0x30,0x33,0x29,0x3b,0x0a,0x20,0x20,0x20,0x20,0x20,0x20,0x20,
    0x20,0x72,0x65,0x74,0x75,0x72,0x6e,0x20,0x5f,0x31,0x36,0x32,0x3b,0x0a,0x20,0x20,
    0x20,0x20,0x7d,0x0a,0x20,0x20,0x20,0x20,0x69,0x66,0x20,0x28,0x5f,0x31,0x34,0x34,
    0x2e,0x66,0x69,0x6c,0x74,0x65,0x72,0x5f,0x6d,0x6f,0x64,0x65,0x20,0x3d,0x3d,0x20,
    0x32,0x29,0x0a,0x20,0x20,0x20,0x20,0x7b,0x0a,0x20,0x20,0x20,0x20,0x20,0x20,0x20,
    0x20,0x66,0x6c,0x6f,0x61,0x74,0x20,0x5f,0x31,0x37,0x37,0x20,0x3d,0x20,0x66,0x61,
    0x73,0x74,0x3a,0x3a,0x6d,0x61,0x78,0x28,0x31,0x2e,0x30,0x2c,0x20,0x66,0x6c,0x6f,
    0x6f,0x72,0x28,0x5f,0x31,0x31,0x33,0x2e,0x73,0x63,0x61,0x6c,0x65,0x2e,0x78,0x20,
    0x2b,0x20,0x30,0x2e,0x35,0x29,0x29,0x3b,0x0a,0x20,0x20,0x20,0x20,0x20,0x20,0x20,
    0x20,0x66,0x6c,0x6f,0x61,0x74,0x32,0x20,0x5f,0x31,0x38,0x35,0x20,0x3d,0x20,0x28,
    0x28,0x73,0x61,0x6d,0x70,0x6c,0x65,0x5f,0x75,0x76,0x20,0x2a,0x20,0x5f,0x31,0x34,
    0x31,0x29,0x20,0x2a,0x20,0x5f,0x31,0x37,0x37,0x29,0x20,0x2d,0x20,0x66,0x6c,0x6f,
    0x61,0x74,0x32,0x28,0x30,0x2e,0x35,0x29,0x3b,0x0a,0x20,0x20,0x20,0x20,0x20,0x20,
    0x20,0x20,0x66,0x6c,0x6f,0x61,0x74,0x32,0x20,0x5f,0x31,0x38,0x38,0x20,0x3d,0x20,
    0x66,0x6c,0x6f,0x6f,0x72,0x28,0x5f,0x31,0x38,0x35,0x29,0x3b,0x0a,0x20,0x20,0x20,
    0x20,0x20,0x20,0x20,0x20,0x66,0x6c,0x6f,0x61,0x74,0x32,0x20,0x5f,0x31,0x39,0x31,
    0x20,0x3d,0x20,0x66,0x72,0x61,0x63,0x74,0x28,0x5f,0x31,0x38,0x35,0x29,0x3b,0x0a,
    0x20,0x20,0x20,0x20,0x20,0x20,0x20,0x20,0x66,0x6c,0x6f,0x61,0x74,0x32,0x20,0x5f,
    0x31,0x39,0x35,0x20,0x3d,0x20,0x66,0x6c,0x6f,0x61,0x74,0x32,0x28,0x5f,0x31,0x37,
    0x37,0x29,0x3b,0x0a,0x20,0x20,0x20,0x20,0x20,0x20,0x20,0x20,0x69,0x6e,0x74,0x32,
    0x20,0x5f,0x31,0x39,0x38,0x20,0x3d,0x20,0x69,0x6e,0x74,0x32,0x28,0x66,0x6c,0x6f,
    0x6f,0x72,0x28,0x5f,0x31,0x38,0x38,0x20,0x2f,0x20,0x5f,0x31,0x39,0x35,0x29,0x29,
    0x3b,0x0a,0x20,0x20,0x20,0x20,0x20,0x20,0x20,0x20,0x69,0x6e,0x74,0x32,0x20,0x5f,
    0x32,0x30,0x37,0x20,0x3d,0x20,0x69,0x6e,0x74,0x32,0x28,0x66,0x6c,0x6f,0x6f,0x72,
    0x28,0x28,0x5f,0x31,0x38,0x38,0x20,0x2b,0x20,0x66,0x6c,0x6f,0x61,0x74,0x32,0x28,
    0x31,0x2e,0x30,0x29,0x29,0x20,0x2f,0x20,0x5f,0x31,0x39,0x35,0x29,0x29,0x3b,0x0a,
    0x20,0x20,0x20,0x20,0x20,0x20,0x20,0x20,0x69,0x6e,0x74,0x32,0x20,0x70,0x61,0x72,
    0x61,0x6d,0x5f,0x31,0x20,0x3d,0x20,0x5f,0x31,0x39,0x38,0x3b,0x0a,0x20,0x20,0x20,
    0x20,0x20,0x20,0x20,0x20,0x66,0x6c,0x6f,0x61,0x74,0x33,0x20,0x5f,0x32,0x31,0x32,
    0x20,0x3d,0x20,0x70,0x61,0x6c,0x65,0x74,0x74,0x65,0x5f,0x63,0x6f,0x6c,0x6f,0x72,
    0x28,0x70,0x61,0x72,0x61,0x6d,0x5f,0x31,0x2c,0x20,0x74,0x65,0x78,0x2c,0x20,0x73,
    0x6d,0x70,0x2c,0x20,0x5f,0x31,0x30,0x33,0x29,0x3b,0x0a,0x20,0x20,0x20,0x20,0x20,
    0x20,0x20,0x20,0x69,0x6e,0x74,0x32,0x20,0x70,0x61,0x72,0x61,0x6d,0x5f,0x32,0x20,
    0x3d,0x20,0x69,0x6e,0x74,0x32,0x28,0x5f,0x32,0x30,0x37,0x2e,0x78,0x2c,0x20,0x5f,
    0x31,0x39,0x38,0x2e,0x79,0x29,0x3b,0x0a,0x20,0x20,0x20,0x20,0x20,0x20,0x20,0x20,
    0x66,0x6c,0x6f,0x61,0x74,0x33,0x20,0x5f,0x32,0x32,0x30,0x20,0x3d,0x20,0x70,0x61,
    0x6c,0x65,0x74,0x74,0x65,0x5f,0x63,0x6f,0x6c,0x6f,0x72,0x28,0x70,0x61,0x72,0x61,
    0x6d,0x5f,0x32,0x2c,0x20,0x74,0x65,0x78,0x2c,0x20,0x73,0x6d,0x70,0x2c,0x20,0x5f,
    0x31,0x30,0x33,0x29,0x3b,0x0a,0x20,0x20,0x20,0x20,0x20,0x20,0x20,0x20,0x66,0x6c,
    0x6f,0x61,0x74,0x33,0x20,0x5f,0x32,0x32,0x33,0x20,0x3d,0x20,0x66,0x6c,0x6f,0x61,
    0x74,0x33,0x28,0x5f,0x31,0x39,0x31,0x2e,0x78,0x29,0x3b,0x0a,0x20,0x20,0x20,0x20,
    0x20,0x20,0x20,0x20,0x69,0x6e,0x74,0x32,0x20,0x70,0x61,0x72,0x61,0x6d,0x5f,0x33,
    0x20,0x3d,0x20,0x69,0x6e,0x74,0x32,0x28,0x5f,0x31,0x39,0x38,0x2e,0x78,0x2c,0x20,
    0x5f,0x32,0x30,0x37,0x2e,0x79,0x29,0x3b,0x0a,0x20,0x20,0x20,0x20,0x20,0x20,0x20,
    0x20,0x66,0x6c,0x6f,0x61,0x74,0x33,0x20,0x5f,0x32,0x33,0x32,0x20,0x3d,0x20,0x70,
    0x61,0x6c,0x65,0x74,0x74,0x65,0x5f,0x63,0x6f,0x6c,0x6f,0x72,0x28,0x70,0x61,0x72,
    0x61,0x6d,0x5f,0x33,0x2c,0x20,0x74,0x65,0x78,0x2c,0x20,0x73,0x6d,0x70,0x2c,0x20,
    0x5f,0x31,0x30,0x33,0x29,0x3b,0x0a,0x20,0x20,0x20,0x20,0x20,0x20,0x20,0x20,0x69,
    0x6e,0x74,0x32,0x20,0x70,0x61,0x72,0x61,0x6d,0x5f,0x34,0x20,0x3d,0x20,0x5f,0x32,
    0x30,0x37,0x3b,0x0a,0x20,0x20,0x20,0x20,0x20,0x20,0x20,0x20,0x66,0x6c,0x6f,0x61,
    0x74,0x33,0x20,0x5f,0x32,0x33,0x35,0x20,0x3d,0x20,0x70,0x61,0x6c,0x65,0x74,0x74,
    0x65,0x5f,0x63,0x6f,0x6c,0x6f,0x72,0x28,0x70,0x61,0x72,0x61,0x6d,0x5f,0x34,0x2c,
    0x20,0x74,0x65,0x78,0x2c,0x20,0x73,0x6d,0x70,0x2c,0x20,0x5f,0x31,0x30,0x33,0x29,
    0x3b,0x0a,0x20,0x20,0x20,0x20,0x20,0x20,0x20,0x20,0x72,0x65,0x74,0x75,0x72,0x6e,
    0x20,0x6d,0x69,0x78,0x28,0x6d,0x69,0x78,0x28,0x5f,0x32,0x31,0x32,0x2c,0x20,0x5f,
    0x32,0x32,0x30,0x2c,0x20,0x5f,0x32,0x32,0x33,0x29,0x2c,0x20,0x6d,0x69,0x78,0x28,
    0x5f,0x32,0x33,0x32,0x2c,0x20,0x5f,0x32,0x33,0x35,0x2c,0x20,0x5f,0x32,0x32,0x33,
    0x29,0x2c,0x20,0x66,0x6c,0x6f,0x61,0x74,0x33,0x28,0x5f,0x31,0x39,0x31,0x2e,0x79,
    0x29,0x29,0x3b,0x0a,0x20,0x20,0x20,0x20,0x7d,0x0a,0x20,0x20,0x20,0x20,0x66,0x6c,
    0x6f,0x61,0x74,0x32,0x20,0x5f,0x32,0x35,0x32,0x20,0x3d,0x20,0x28,0x73,0x61,0x6d,
    0x70,0x6c,0x65,0x5f,0x75,0x76,0x20,0x2a,0x20,0x5f,0x31,0x34,0x31,0x29,0x20,0x2d,
    0x20,0x66,0x6c,0x6f,0x61,0x74,0x32,0x28,0x30,0x2e,0x35,0x29,0x3b,0x0a,0x20,0x20,
    0x20,0x20,0x69,0x6e,0x74,0x32,0x20,0x5f,0x32,0x35,0x36,0x20,0x3d,0x20,0x69,0x6e,
    0x74,0x32,0x28,0x66,0x6c,0x6f,0x6f,0x72,0x28,0x5f,0x32,0x35,0x32,0x29,0x29,0x3b,
    0x0a,0x20,0x20,0x20,0x20,0x66,0x6c,0x6f,0x61,0x74,0x32,0x20,0x5f,0x32,0x35,0x39,
    0x20,0x3d,0x20,0x66,0x72,0x61,0x63,0x74,0x28,0x5f,0x32,0x35,0x32,0x29,0x3b,0x0a,
    0x20,0x20,0x20,0x20,0x69,0x6e,0x74,0x32,0x20,0x70,0x61,0x72,0x61,0x6d,0x5f,0x35,
    0x20,0x3d,0x20,0x5f,0x32,0x35,0x36,0x3b,0x0a,0x20,0x20,0x20,0x20,0x66,0x6c,0x6f,
    0x61,0x74,0x33,0x20,0x5f,0x32,0x36,0x33,0x20,0x3d,0x20,0x70,0x61,0x6c,0x65,0x74,
    0x74,0x65,0x5f,0x63,0x6f,0x6c,0x6f,0x72,0x28,0x70,0x61,0x72,0x61,0x6d,0x5f,0x35,
    0x2c,0x20,0x74,0x65,0x78,0x2c,0x20,0x73,0x6d,0x70,0x2c,0x20,0x5f,0x31,0x30,0x33,
    0x29,0x3b,0x0a,0x20,0x20,0x20,0x20,0x69,0x6e,0x74,0x32,0x20,0x70,0x61,0x72,0x61,
    0x6d,0x5f,0x36,0x20,0x3d,0x20,0x5f,0x32,0x35,0x36,0x20,0x2b,0x20,0x69,0x6e,0x74,
    0x32,0x28,0x31,0x2c,0x20,0x30,0x29,0x3b,0x0a,0x20,0x20,0x20,0x20,0x66,0x6c,0x6f,
    0x61,0x74,0x33,0x20,0x5f,0x32,0x36,0x38,0x20,0x3d,0x20,0x70,0x61,0x6c,0x65,0x74,
    0x74,0x65,0x5f,0x63,0x6f,0x6c,0x6f,0x72,0x28,0x70,0x61,0x72,0x61,0x6d,0x5f,0x36,
    0x2c,0x20,0x74,0x65,0x78,0x2c,0x20,0x73,0x6d,0x70,0x2c,0x20,0x5f,0x31,0x30,0x33,
    0x29,0x3b,0x0a,0x20,0x20,0x20,0x20,0x66,0x6c,0x6f,0x61,0x74,0x33,0x20,0x5f,0x32,
    0x37,0x31,0x20,0x3d,0x20,0x66,0x6c,0x6f,0x61,0x74,0x33,0x28,0x5f,0x32,0x35,0x39,
    0x2e,0x78,0x29,0x3b,0x0a,0x20,0x20,0x20,0x20,0x69,0x6e,0x74,0x32,0x20,0x70,0x61,
    0x72,0x61,0x6d,0x5f,0x37,0x20,0x3d,0x20,0x5f,0x32,0x35,0x36,0x20,0x2b,0x20,0x69,
    0x6e,0x74,0x32,0x28,0x30,0x2c,0x20,0x31,0x29,0x3b,0x0a,0x20,0x20,0x20,0x20,0x66,
    0x6c,0x6f,0x61,0x74,0x33,0x20,0x5f,0x32,0x37,0x38,0x20,0x3d,0x20,0x70,0x61,0x6c,
    0x65,0x74,0x74,0x65,0x5f,0x63,0x6f,0x6c,0x6f,0x72,0x28,0x70,0x61,0x72,0x61,0x6d,
    0x5f,0x37,0x2c,0x20,0x74,0x65,0x78,0x2c,0x20,0x73,0x6d,0x70,0x2c,0x20,0x5f,0x31,
    0x30,0x33,0x29,0x3b,0x0a,0x20,0x20,0x20,0x20,0x69,0x6e,0x74,0x32,0x20,0x70,0x61,
    0x72,0x61,0x6d,0x5f,0x38,0x20,0x3d,0x20,0x5f,0x32,0x35,0x36,0x20,0x2b,0x20,0x69,
    0x6e,0x74,0x32,0x28,0x31,0x29,0x3b,0x0a,0x20,0x20,0x20,0x20,0x66,0x6c,0x6f,0x61,
    0x74,0x33,0x20,0x5f,0x32,0x38,0x33,0x20,0x3d,0x20,0x70,0x61,0x6c,0x65,0x74,0x74,
    0x65,0x5f,0x63,0x6f,0x6c,0x6f,0x72,0x28,0x70,0x61,0x72,0x61,0x6d,0x5f,0x38,0x2c,
    0x20,0x74,0x65,0x78,0x2c,0x20,0x73,0x6d,0x70,0x2c,0x20,0x5f,0x31,0x30,0x33,0x29,
    0x3b,0x0a,0x20,0x20,0x20,0x20,0x72,0x65,0x74,0x75,0x72,0x6e,0x20,0x6d,0x69,0x78,
    0x28,0x6d,0x69,0x78,0x28,0x5f,0x32,0x36,0x33,0x2c,0x20,0x5f,0x32,0x36,0x38,0x2c,
    0x20,0x5f,0x32,0x37,0x31,0x29,0x2c,0x20,0x6d,0x69,0x78,0x28,0x5f,0x32,0x37,0x38,
    0x2c,0x20,0x5f,0x32,0x38,0x33,0x2c,0x20,0x5f,0x32,0x37,0x31,0x29,0x2c,0x20,0x66,
    0x6c,0x6f,0x61,0x74,0x33,0x28,0x5f,0x32,0x35,0x39,0x2e,0x79,0x29,0x29,0x3b,0x0a,
    0x7d,0x0a,0x0a,0x66,0x72,0x61,0x67,0x6d,0x65,0x6e,0x74,0x20,0x6d,0x61,0x69,0x6e,
    0x30,0x5f,0x6f,0x75,0x74,0x20,0x6d,0x61,0x69,0x6e,0x30,0x28,0x6d,0x61,0x69,0x6e,
    0x30,0x5f,0x69,0x6e,0x20,0x69,0x6e,0x20,0x5b,0x5b,0x73,0x74,0x61,0x67,0x65,0x5f,
    0x69,0x6e,0x5d,0x5d,0x2c,0x20,0x63,0x6f,0x6e,0x73,0x74,0x61,0x6e,0x74,0x20,0x73,
    0x5f,0x63,0x6f,0x6c,0x6f,0x72,0x73,0x26,0x20,0x5f,0x31,0x30,0x33,0x20,0x5b,0x5b,
    0x62,0x75,0x66,0x66,0x65,0x72,0x28,0x30,0x29,0x5d,0x5d,0x2c,0x20,0x63,0x6f,0x6e,
    0x73,0x74,0x61,0x6e,0x74,0x20,0x73,0x5f,0x62,0x75,0x66,0x66,0x65,0x72,0x5f,0x70,
    0x61,0x72,0x61,0x6d,0x73,0x26,0x20,0x5f,0x31,0x31,0x33,0x20,0x5b,0x5b,0x62,0x75,
    0x66,0x66,0x65,0x72,0x28,0x31,0x29,0x5d,0x5d,0x2c,0x20,0x63,0x6f,0x6e,0x73,0x74,
    0x61,0x6e,0x74,0x20,0x73,0x5f,0x70,0x61,0x72,0x61,0x6d,0x73,0x26,0x20,0x5f,0x31,
    0x34,0x34,0x20,0x5b,0x5b,0x62,0x75,0x66,0x66,0x65,0x72,0x28,0x32,0x29,0x5d,0x5d,
    0x2c,0x20,0x74,0x65,0x78,0x74,0x75,0x72,0x65,0x32,0x64,0x3c,0x66,0x6c,0x6f,0x61,
    0x74,0x3e,0x20,0x74,0x65,0x78,0x20,0x5b,0x5b,0x74,0x65,0x78,0x74,0x75,0x72,0x65,
    0x28,0x30,0x29,0x5d,0x5d,0x2c,0x20,0x74,0x65,0x78,0x74,0x75,0x72,0x65,0x32,0x64,
    0x3c,0x66,0x6c,0x6f,0x61,0x74,0x3e,0x20,0x74,0x65,0x78,0x5f,0x64,0x65,0x62,0x75,
    0x67,0x20,0x5b,0x5b,0x74,0x65,0x78,0x74,0x75,0x72,0x65,0x28,0x31,0x29,0x5d,0x5d,
    0x2c,0x20,0x73,0x61,0x6d,0x70,0x6c,0x65,0x72,0x20,0x73,0x6d,0x70,0x20,0x5b,0x5b,
    0x73,0x61,0x6d,0x70,0x6c,0x65,0x72,0x28,0x30,0x29,0x5d,0x5d,0x29,0x0a,0x7b,0x0a,
    0x20,0x20,0x20,0x20,0x6d,0x61,0x69,0x6e,0x30,0x5f,0x6f,0x75,0x74,0x20,0x6f,0x75,
    0x74,0x20,0x3d,0x20,0x7b,0x7d,0x3b,0x0a,0x20,0x20,0x20,0x20,0x66,0x6c,0x6f,0x61,
    0x74,0x32,0x20,0x5f,0x33,0x30,0x38,0x20,0x3d,0x20,0x28,0x69,0x6e,0x2e,0x75,0x76,
    0x20,0x2a,0x20,0x5f,0x31,0x31,0x33,0x2e,0x77,0x69,0x6e,0x5f,0x73,0x69,0x7a,0x65,
    0x29,0x20,0x2d,0x20,0x5f,0x31,0x31,0x33,0x2e,0x6f,0x66,0x66,0x73,0x65,0x74,0x3b,
    0x0a,0x20,0x20,0x20,0x20,0x66,0x6c,0x6f,0x61,0x74,0x20,0x5f,0x33,0x31,0x30,0x20,
    0x3d,0x20,0x5f,0x33,0x30,0x38,0x2e,0x78,0x3b,0x0a,0x20,0x20,0x20,0x20,0x62,0x6f,
    0x6f,0x6c,0x20,0x5f,0x33,0x31,0x32,0x20,0x3d,0x20,0x5f,0x33,0x31,0x30,0x20,0x3c,
    0x20,0x30,0x2e,0x30,0x3b,0x0a,0x20,0x20,0x20,0x20,0x62,0x6f,0x6f,0x6c,0x20,0x5f,
    0x33,0x31,0x39,0x3b,0x0a,0x20,0x20,0x20,0x20,0x69,0x66,0x20,0x28,0x21,0x5f,0x33,
    0x31,0x32,0x29,0x0a,0x20,0x20,0x20,0x20,0x7b,0x0a,0x20,0x20,0x20,0x20,0x20,0x20,
    0x20,0x20,0x5f,0x33,0x31,0x39,0x20,0x3d,0x20,0x5f,0x33,0x30,0x38,0x2e,0x79,0x20,
    0x3c,0x20,0x30,0x2e,0x30,0x3b,0x0a,0x20,0x20,0x20,0x20,0x7d,0x0a,0x20,0x20,0x20,
    0x20,0x65,0x6c,0x73,0x65,0x0a,0x20,0x20,0x20,0x20,0x7b,0x0a,0x20,0x20,0x20,0x20,
    0x20,0x20,0x20,0x20,0x5f,0x33,0x31,0x39,0x20,0x3d,0x20,0x5f,0x33,0x31,0x32,0x3b,
    0x0a,0x20,0x20,0x20,0x20,0x7d,0x0a,0x20,0x20,0x20,0x20,0x62,0x6f,0x6f,0x6c,0x20,
    0x5f,0x33,0x32,0x38,0x3b,0x0a,0x20,0x20,0x20,0x20,0x69,0x66,0x20,0x28,0x21,0x5f,
    0x33,0x31,0x39,0x29,0x0a,0x20,0x20,0x20,0x20,0x7b,0x0a,0x20,0x20,0x20,0x20,0x20,
    0x20,0x20,0x20,0x5f,0x33,0x32,0x38,0x20,0x3d,0x20,0x5f,0x33,0x31,0x30,0x20,0x3e,
    0x3d,0x20,0x5f,0x31,0x31,0x33,0x2e,0x73,0x69,0x7a,0x65,0x2e,0x78,0x3b,0x0a,0x20,
    0x20,0x20,0x20,0x7d,0x0a,0x20,0x20,0x20,0x20,0x65,0x6c,0x73,0x65,0x0a,0x20,0x20,
    0x20,0x20,0x7b,0x0a,0x20,0x20,0x20,0x20,0x20,0x20,0x20,0x20,0x5f,0x33,0x32,0x38,
    0x20,0x3d,0x20,0x5f,0x33,0x31,0x39,0x3b,0x0a,0x20,0x20,0x20,0x20,0x7d,0x0a,0x20,
    0x20,0x20,0x20,0x62,0x6f,0x6f,0x6c,0x20,0x5f,0x33,0x33,0x37,0x3b,0x0a,0x20,0x20,
    0x20,0x20,0x69,0x66,0x20,0x28,0x21,0x5f,0x33,0x32,0x38,0x29,0x0a,0x20,0x20,0x20,
    0x20,0x7b,0x0a,0x20,0x20,0x20,0x20,0x20,0x20,0x20,0x20,0x5f,0x33,0x33,0x37,0x20,
    0x3d,0x20,0x5f,0x33,0x30,0x38,0x2e,0x79,0x20,0x3e,0x3d,0x20,0x5f,0x31,0x31,0x33,
    0x2e,0x73,0x69,0x7a,0x65,0x2e,0x79,0x3b,0x0a,0x20,0x20,0x20,0x20,0x7d,0x0a,0x20,
    0x20,0x20,0x20,0x65,0x6c,0x73,0x65,0x0a,0x20,0x20,0x20,0x20,0x7b,0x0a,0x20,0x20,
    0x20,0x20,0x20,0x20,0x20,0x20,0x5f,0x33,0x33,0x37,0x20,0x3d,0x20,0x5f,0x33,0x32,
    0x38,0x3b,0x0a,0x20,0x20,0x20,0x20,0x7d,0x0a,0x20,0x20,0x20,0x20,0x69,0x66,0x20,
    0x28,0x5f,0x33,0x33,0x37,0x29,0x0a,0x20,0x20,0x20,0x20,0x7b,0x0a,0x20,0x20,0x20,
    0x20,0x20,0x20,0x20,0x20,0x6f,0x75,0x74,0x2e,0x66,0x72,0x61,0x67,0x5f,0x63,0x6f,
    0x6c,0x6f,0x72,0x20,0x3d,0x20,0x66,0x6c,0x6f,0x61,0x74,0x34,0x28,0x5f,0x31,0x30,
    0x33,0x2e,0x61,0x70,0x70,0x5f,0x63,0x6f,0x6c,0x6f,0x72,0x73,0x5b,0x30,0x5d,0x2e,
    0x78,0x79,0x7a,0x2c,0x20,0x31,0x2e,0x30,0x29,0x3b,0x0a,0x20,0x20,0x20,0x20,0x20,
    0x20,0x20,0x20,0x72,0x65,0x74,0x75,0x72,0x6e,0x20,0x6f,0x75,0x74,0x3b,0x0a,0x20,
    0x20,0x20,0x20,0x7d,0x0a,0x20,0x20,0x20,0x20,0x66,0x6c,0x6f,0x61,0x74,0x32,0x20,
    0x5f,0x33,0x35,0x34,0x20,0x3d,0x20,0x5f,0x33,0x30,0x38,0x20,0x2f,0x20,0x5f,0x31,
    0x31,0x33,0x2e,0x73,0x69,0x7a,0x65,0x3b,0x0a,0x20,0x20,0x20,0x20,0x5f,0x33,0x35,
    0x34,0x2e,0x79,0x20,0x3d,0x20,0x31,0x2e,0x30,0x20,0x2d,0x20,0x5f,0x33,0x35,0x34,
    0x2e,0x79,0x3b,0x0a,0x20,0x20,0x20,0x20,0x66,0x6c,0x6f,0x61,0x74,0x32,0x20,0x74,
    0x65,0x78,0x5f,0x75,0x76,0x20,0x3d,0x20,0x5f,0x33,0x35,0x34,0x3b,0x0a,0x20,0x20,
    0x20,0x20,0x69,0x6e,0x74,0x32,0x20,0x5f,0x33,0x36,0x35,0x20,0x3d,0x20,0x69,0x6e,
    0x74,0x32,0x28,0x74,0x65,0x78,0x5f,0x64,0x65,0x62,0x75,0x67,0x2e,0x67,0x65,0x74,
    0x5f,0x77,0x69,0x64,0x74,0x68,0x28,0x29,0x2c,0x20,0x74,0x65,0x78,0x5f,0x64,0x65,
    0x62,0x75,0x67,0x2e,0x67,0x65,0x74,0x5f,0x68,0x65,0x69,0x67,0x68,0x74,0x28,0x29,
    0x29,0x3b,0x0a,0x20,0x20,0x20,0x20,0x69,0x6e,0x74,0x20,0x5f,0x33,0x38,0x36,0x20,
    0x3d,0x20,0x69,0x6e,0x74,0x28,0x28,0x74,0x65,0x78,0x5f,0x64,0x65,0x62,0x75,0x67,
    0x2e,0x72,0x65,0x61,0x64,0x28,0x75,0x69,0x6e,0x74,0x32,0x28,0x63,0x6c,0x61,0x6d,
    0x70,0x28,0x69,0x6e,0x74,0x32,0x28,0x5f,0x33,0x35,0x34,0x20,0x2a,0x20,0x66,0x6c,
    0x6f,0x61,0x74,0x32,0x28,0x5f,0x33,0x36,0x35,0x29,0x29,0x2c,0x20,0x69,0x6e,0x74,
    0x32,0x28,0x30,0x29,0x2c,0x20,0x5f,0x33,0x36,0x35,0x20,0x2d,0x20,0x69,0x6e,0x74,
    0x32,0x28,0x31,0x29,0x29,0x29,0x2c,0x20,0x30,0x29,0x2e,0x78,0x20,0x2a,0x20,0x32,
    0x35,0x35,0x2e,0x30,0x29,0x20,0x2b,0x20,0x30,0x2e,0x35,0x29,0x3b,0x0a,0x20,0x20,
    0x20,0x20,0x62,0x6f,0x6f,0x6c,0x20,0x5f,0x33,0x39,0x34,0x20,0x3d,0x20,0x5f,0x31,
    0x34,0x34,0x2e,0x66,0x69,0x6c,0x74,0x65,0x72,0x5f,0x6d,0x6f,0x64,0x65,0x20,0x3d,
    0x3d,0x20,0x33,0x3b,0x0a,0x20,0x20,0x20,0x20,0x62,0x6f,0x6f,0x6c,0x20,0x5f,0x33,
    0x39,0x39,0x3b,0x0a,0x20,0x20,0x20,0x20,0x69,0x66,0x20,0x28,0x5f,0x33,0x39,0x34,
    0x29,0x0a,0x20,0x20,0x20,0x20,0x7b,0x0a,0x20,0x20,0x20,0x20,0x20,0x20,0x20,0x20,
    0x5f,0x33,0x39,0x39,0x20,0x3d,0x20,0x21,0x69,0x6e,0x74,0x65,0x67,0x65,0x72,0x5f,
    0x73,0x63,0x61,0x6c,0x65,0x28,0x5f,0x31,0x31,0x33,0x29,0x3b,0x0a,0x20,0x20,0x20,
    0x20,0x7d,0x0a,0x20,0x20,0x20,0x20,0x65,0x6c,0x73,0x65,0x0a,0x20,0x20,0x20,0x20,
    0x7b,0x0a,0x20,0x20,0x20,0x20,0x20,0x20,0x20,0x20,0x5f,0x33,0x39,0x39,0x20,0x3d,
    0x20,0x5f,0x33,0x39,0x34,0x3b,0x0a,0x20,0x20,0x20,0x20,0x7d,0x0a,0x20,0x20,0x20,
    0x20,0x69,0x66,0x20,0x28,0x5f,0x33,0x39,0x39,0x29,0x0a,0x20,0x20,0x20,0x20,0x7b,
    0x0a,0x20,0x20,0x20,0x20,0x20,0x20,0x20,0x20,0x66,0x6c,0x6f,0x61,0x74,0x32,0x20,
    0x70,0x61,0x72,0x61,0x6d,0x20,0x3d,0x20,0x74,0x65,0x78,0x5f,0x75,0x76,0x3b,0x0a,
    0x20,0x20,0x20,0x20,0x20,0x20,0x20,0x20,0x69,0x6e,0x74,0x32,0x20,0x70,0x61,0x72,
    0x61,0x6d,0x5f,0x31,0x20,0x3d,0x20,0x69,0x6e,0x74,0x32,0x28,0x5f,0x31,0x31,0x33,
    0x2e,0x61,0x70,0x70,0x5f,0x73,0x69,0x7a,0x65,0x29,0x3b,0x0a,0x20,0x20,0x20,0x20,
    0x20,0x20,0x20,0x20,0x74,0x65,0x78,0x5f,0x75,0x76,0x20,0x3d,0x20,0x75,0x76,0x5f,
    0x69,0x71,0x28,0x70,0x61,0x72,0x61,0x6d,0x2c,0x20,0x70,0x61,0x72,0x61,0x6d,0x5f,
    0x31,0x29,0x3b,0x0a,0x20,0x20,0x20,0x20,0x7d,0x0a,0x20,0x20,0x20,0x20,0x66,0x6c,
    0x6f,0x61,0x74,0x32,0x20,0x70,0x61,0x72,0x61,0x6d,0x5f,0x32,0x20,0x3d,0x20,0x74,
    0x65,0x78,0x5f,0x75,0x76,0x3b,0x0a,0x20,0x20,0x20,0x20,0x6f,0x75,0x74,0x2e,0x66,
    0x72,0x61,0x67,0x5f,0x63,0x6f,0x6c,0x6f,0x72,0x20,0x3d,0x20,0x66,0x6c,0x6f,0x61,
    0x74,0x34,0x28,0x6d,0x69,0x78,0x28,0x73,0x61,0x6d,0x70,0x6c,0x65,0x5f,0x70,0x61,
    0x6c,0x65,0x74,0x74,0x65,0x28,0x70,0x61,0x72,0x61,0x6d,0x5f,0x32,0x2c,0x20,0x74,
    0x65,0x78,0x2c,0x20,0x73,0x6d,0x70,0x2c,0x20,0x5f,0x31,0x30,0x33,0x2c,0x20,0x5f,
    0x31,0x31,0x33,0x2c,0x20,0x5f,0x31,0x34,0x34,0x29,0x2c,0x20,0x5f,0x31,0x30,0x33,
    0x2e,0x64,0x62,0x67,0x5f,0x63,0x6f,0x6c,0x6f,0x72,0x73,0x5b,0x5f,0x33,0x38,0x36,
    0x5d,0x2e,0x78,0x79,0x7a,0x2c,0x20,0x66,0x6c,0x6f,0x61,0x74,0x33,0x28,0x5f,0x31,
    0x30,0x33,0x2e,0x64,0x62,0x67,0x5f,0x63,0x6f,0x6c,0x6f,0x72,0x73,0x5b,0x5f,0x33,
    0x38,0x36,0x5d,0x2e,0x77,0x29,0x29,0x2c,0x20,0x31,0x2e,0x30,0x29,0x3b,0x0a,0x20,
    0x20,0x20,0x20,0x72,0x65,0x74,0x75,0x72,0x6e,0x20,0x6f,0x75,0x74,0x3b,0x0a,0x7d,
    0x0a,0x0a,0x00,
};
static inline const sg_shader_desc* simple_shader_desc(sg_backend backend) {
    if (backend == SG_BACKEND_GLCORE) {
        static sg_shader_desc desc;
        static bool valid;
        if (!valid) {
            valid = true;
            desc.vertex_func.source = (const char*)vs_source_glsl410;
            desc.vertex_func.entry = "main";
            desc.fragment_func.source = (const char*)fs_source_glsl410;
            desc.fragment_func.entry = "main";
            desc.attrs[0].base_type = SG_SHADERATTRBASETYPE_FLOAT;
            desc.attrs[0].glsl_name = "pos";
            desc.attrs[1].base_type = SG_SHADERATTRBASETYPE_FLOAT;
            desc.attrs[1].glsl_name = "texcoord0";
            desc.uniform_blocks[2].stage = SG_SHADERSTAGE_FRAGMENT;
            desc.uniform_blocks[2].layout = SG_UNIFORMLAYOUT_STD140;
            desc.uniform_blocks[2].size = 16;
            desc.uniform_blocks[2].glsl_uniforms[0].type = SG_UNIFORMTYPE_INT;
            desc.uniform_blocks[2].glsl_uniforms[0].array_count = 0;
            desc.uniform_blocks[2].glsl_uniforms[0].glsl_name = "_144.filter_mode";
            desc.uniform_blocks[2].glsl_uniforms[1].type = SG_UNIFORMTYPE_FLOAT;
            desc.uniform_blocks[2].glsl_uniforms[1].array_count = 0;
            desc.uniform_blocks[2].glsl_uniforms[1].glsl_name = "_144.time";
            desc.uniform_blocks[3].stage = SG_SHADERSTAGE_FRAGMENT;
            desc.uniform_blocks[3].layout = SG_UNIFORMLAYOUT_STD140;
            desc.uniform_blocks[3].size = 8192;
            desc.uniform_blocks[3].glsl_uniforms[0].type = SG_UNIFORMTYPE_FLOAT4;
            desc.uniform_blocks[3].glsl_uniforms[0].array_count = 512;
            desc.uniform_blocks[3].glsl_uniforms[0].glsl_name = "s_colors";
            desc.uniform_blocks[4].stage = SG_SHADERSTAGE_FRAGMENT;
            desc.uniform_blocks[4].layout = SG_UNIFORMLAYOUT_STD140;
            desc.uniform_blocks[4].size = 48;
            desc.uniform_blocks[4].glsl_uniforms[0].type = SG_UNIFORMTYPE_FLOAT4;
            desc.uniform_blocks[4].glsl_uniforms[0].array_count = 3;
            desc.uniform_blocks[4].glsl_uniforms[0].glsl_name = "s_buffer_params";
            desc.images[0].stage = SG_SHADERSTAGE_FRAGMENT;
            desc.images[0].image_type = SG_IMAGETYPE_2D;
            desc.images[0].sample_type = SG_IMAGESAMPLETYPE_FLOAT;
            desc.images[0].multisampled = false;
            desc.images[1].stage = SG_SHADERSTAGE_FRAGMENT;
            desc.images[1].image_type = SG_IMAGETYPE_2D;
            desc.images[1].sample_type = SG_IMAGESAMPLETYPE_FLOAT;
            desc.images[1].multisampled = false;
            desc.samplers[0].stage = SG_SHADERSTAGE_FRAGMENT;
            desc.samplers[0].sampler_type = SG_SAMPLERTYPE_FILTERING;
            desc.image_sampler_pairs[0].stage = SG_SHADERSTAGE_FRAGMENT;
            desc.image_sampler_pairs[0].image_slot = 1;
            desc.image_sampler_pairs[0].sampler_slot = 0;
            desc.image_sampler_pairs[0].glsl_name = "tex_debug_smp";
            desc.image_sampler_pairs[1].stage = SG_SHADERSTAGE_FRAGMENT;
            desc.image_sampler_pairs[1].image_slot = 0;
            desc.image_sampler_pairs[1].sampler_slot = 0;
            desc.image_sampler_pairs[1].glsl_name = "tex_smp";
            desc.label = "simple_shader";
        }
        return &desc;
    }
    if (backend == SG_BACKEND_GLES3) {
        static sg_shader_desc desc;
        static bool valid;
        if (!valid) {
            valid = true;
            desc.vertex_func.source = (const char*)vs_source_glsl300es;
            desc.vertex_func.entry = "main";
            desc.fragment_func.source = (const char*)fs_source_glsl300es;
            desc.fragment_func.entry = "main";
            desc.attrs[0].base_type = SG_SHADERATTRBASETYPE_FLOAT;
            desc.attrs[0].glsl_name = "pos";
            desc.attrs[1].base_type = SG_SHADERATTRBASETYPE_FLOAT;
            desc.attrs[1].glsl_name = "texcoord0";
            desc.uniform_blocks[2].stage = SG_SHADERSTAGE_FRAGMENT;
            desc.uniform_blocks[2].layout = SG_UNIFORMLAYOUT_STD140;
            desc.uniform_blocks[2].size = 16;
            desc.uniform_blocks[2].glsl_uniforms[0].type = SG_UNIFORMTYPE_INT;
            desc.uniform_blocks[2].glsl_uniforms[0].array_count = 0;
            desc.uniform_blocks[2].glsl_uniforms[0].glsl_name = "_144.filter_mode";
            desc.uniform_blocks[2].glsl_uniforms[1].type = SG_UNIFORMTYPE_FLOAT;
            desc.uniform_blocks[2].glsl_uniforms[1].array_count = 0;
            desc.uniform_blocks[2].glsl_uniforms[1].glsl_name = "_144.time";
            desc.uniform_blocks[3].stage = SG_SHADERSTAGE_FRAGMENT;
            desc.uniform_blocks[3].layout = SG_UNIFORMLAYOUT_STD140;
            desc.uniform_blocks[3].size = 8192;
            desc.uniform_blocks[3].glsl_uniforms[0].type = SG_UNIFORMTYPE_FLOAT4;
            desc.uniform_blocks[3].glsl_uniforms[0].array_count = 512;
            desc.uniform_blocks[3].glsl_uniforms[0].glsl_name = "s_colors";
            desc.uniform_blocks[4].stage = SG_SHADERSTAGE_FRAGMENT;
            desc.uniform_blocks[4].layout = SG_UNIFORMLAYOUT_STD140;
            desc.uniform_blocks[4].size = 48;
            desc.uniform_blocks[4].glsl_uniforms[0].type = SG_UNIFORMTYPE_FLOAT4;
            desc.uniform_blocks[4].glsl_uniforms[0].array_count = 3;
            desc.uniform_blocks[4].glsl_uniforms[0].glsl_name = "s_buffer_params";
            desc.images[0].stage = SG_SHADERSTAGE_FRAGMENT;
            desc.images[0].image_type = SG_IMAGETYPE_2D;
            desc.images[0].sample_type = SG_IMAGESAMPLETYPE_FLOAT;
            desc.images[0].multisampled = false;
            desc.images[1].stage = SG_SHADERSTAGE_FRAGMENT;
            desc.images[1].image_type = SG_IMAGETYPE_2D;
            desc.images[1].sample_type = SG_IMAGESAMPLETYPE_FLOAT;
            desc.images[1].multisampled = false;
            desc.samplers[0].stage = SG_SHADERSTAGE_FRAGMENT;
            desc.samplers[0].sampler_type = SG_SAMPLERTYPE_FILTERING;
            desc.image_sampler_pairs[0].stage = SG_SHADERSTAGE_FRAGMENT;
            desc.image_sampler_pairs[0].image_slot = 1;
            desc.image_sampler_pairs[0].sampler_slot = 0;
            desc.image_sampler_pairs[0].glsl_name = "tex_debug_smp";
            desc.image_sampler_pairs[1].stage = SG_SHADERSTAGE_FRAGMENT;
            desc.image_sampler_pairs[1].image_slot = 0;
            desc.image_sampler_pairs[1].sampler_slot = 0;
            desc.image_sampler_pairs[1].glsl_name = "tex_smp";
            desc.label = "simple_shader";
        }
        return &desc;
    }
    if (backend == SG_BACKEND_D3D11) {
        static sg_shader_desc desc;
        static bool valid;
        if (!valid) {
            valid = true;
            desc.vertex_func.source = (const char*)vs_source_hlsl5;
            desc.vertex_func.d3d11_target = "vs_5_0";
            desc.vertex_func.entry = "main";
            desc.fragment_func.source = (const char*)fs_source_hlsl5;
            desc.fragment_func.d3d11_target = "ps_5_0";
            desc.fragment_func.entry = "main";
            desc.attrs[0].base_type = SG_SHADERATTRBASETYPE_FLOAT;
            desc.attrs[0].hlsl_sem_name = "TEXCOORD";
            desc.attrs[0].hlsl_sem_index = 0;
            desc.attrs[1].base_type = SG_SHADERATTRBASETYPE_FLOAT;
            desc.attrs[1].hlsl_sem_name = "TEXCOORD";
            desc.attrs[1].hlsl_sem_index = 1;
            desc.uniform_blocks[2].stage = SG_SHADERSTAGE_FRAGMENT;
            desc.uniform_blocks[2].layout = SG_UNIFORMLAYOUT_STD140;
            desc.uniform_blocks[2].size = 16;
            desc.uniform_blocks[2].hlsl_register_b_n = 2;
            desc.uniform_blocks[3].stage = SG_SHADERSTAGE_FRAGMENT;
            desc.uniform_blocks[3].layout = SG_UNIFORMLAYOUT_STD140;
            desc.uniform_blocks[3].size = 8192;
            desc.uniform_blocks[3].hlsl_register_b_n = 0;
            desc.uniform_blocks[4].stage = SG_SHADERSTAGE_FRAGMENT;
            desc.uniform_blocks[4].layout = SG_UNIFORMLAYOUT_STD140;
            desc.uniform_blocks[4].size = 48;
            desc.uniform_blocks[4].hlsl_register_b_n = 1;
            desc.images[0].stage = SG_SHADERSTAGE_FRAGMENT;
            desc.images[0].image_type = SG_IMAGETYPE_2D;
            desc.images[0].sample_type = SG_IMAGESAMPLETYPE_FLOAT;
            desc.images[0].multisampled = false;
            desc.images[0].hlsl_register_t_n = 0;
            desc.images[1].stage = SG_SHADERSTAGE_FRAGMENT;
            desc.images[1].image_type = SG_IMAGETYPE_2D;
            desc.images[1].sample_type = SG_IMAGESAMPLETYPE_FLOAT;
            desc.images[1].multisampled = false;
            desc.images[1].hlsl_register_t_n = 1;
            desc.samplers[0].stage = SG_SHADERSTAGE_FRAGMENT;
            desc.samplers[0].sampler_type = SG_SAMPLERTYPE_FILTERING;
            desc.samplers[0].hlsl_register_s_n = 0;
            desc.image_sampler_pairs[0].stage = SG_SHADERSTAGE_FRAGMENT;
            desc.image_sampler_pairs[0].image_slot = 1;
            desc.image_sampler_pairs[0].sampler_slot = 0;
            desc.image_sampler_pairs[1].stage = SG_SHADERSTAGE_FRAGMENT;
            desc.image_sampler_pairs[1].image_slot = 0;
            desc.image_sampler_pairs[1].sampler_slot = 0;
            desc.label = "simple_shader";
        }
        return &desc;
    }
    if (backend == SG_BACKEND_METAL_MACOS) {
        static sg_shader_desc desc;
        static bool valid;
        if (!valid) {
            valid = true;
            desc.vertex_func.source = (const char*)vs_source_metal_macos;
            desc.vertex_func.entry = "main0";
            desc.fragment_func.source = (const char*)fs_source_metal_macos;
            desc.fragment_func.entry = "main0";
            desc.attrs[0].base_type = SG_SHADERATTRBASETYPE_FLOAT;
            desc.attrs[1].base_type = SG_SHADERATTRBASETYPE_FLOAT;
            desc.uniform_blocks[2].stage = SG_SHADERSTAGE_FRAGMENT;
            desc.uniform_blocks[2].layout = SG_UNIFORMLAYOUT_STD140;
            desc.uniform_blocks[2].size = 16;
            desc.uniform_blocks[2].msl_buffer_n = 2;
            desc.uniform_blocks[3].stage = SG_SHADERSTAGE_FRAGMENT;
            desc.uniform_blocks[3].layout = SG_UNIFORMLAYOUT_STD140;
            desc.uniform_blocks[3].size = 8192;
            desc.uniform_blocks[3].msl_buffer_n = 0;
            desc.uniform_blocks[4].stage = SG_SHADERSTAGE_FRAGMENT;
            desc.uniform_blocks[4].layout = SG_UNIFORMLAYOUT_STD140;
            desc.uniform_blocks[4].size = 48;
            desc.uniform_blocks[4].msl_buffer_n = 1;
            desc.images[0].stage = SG_SHADERSTAGE_FRAGMENT;
            desc.images[0].image_type = SG_IMAGETYPE_2D;
            desc.images[0].sample_type = SG_IMAGESAMPLETYPE_FLOAT;
            desc.images[0].multisampled = false;
            desc.images[0].msl_texture_n = 0;
            desc.images[1].stage = SG_SHADERSTAGE_FRAGMENT;
            desc.images[1].image_type = SG_IMAGETYPE_2D;
            desc.images[1].sample_type = SG_IMAGESAMPLETYPE_FLOAT;
            desc.images[1].multisampled = false;
            desc.images[1].msl_texture_n = 1;
            desc.samplers[0].stage = SG_SHADERSTAGE_FRAGMENT;
            desc.samplers[0].sampler_type = SG_SAMPLERTYPE_FILTERING;
            desc.samplers[0].msl_sampler_n = 0;
            desc.image_sampler_pairs[0].stage = SG_SHADERSTAGE_FRAGMENT;
            desc.image_sampler_pairs[0].image_slot = 1;
            desc.image_sampler_pairs[0].sampler_slot = 0;
            desc.image_sampler_pairs[1].stage = SG_SHADERSTAGE_FRAGMENT;
            desc.image_sampler_pairs[1].image_slot = 0;
            desc.image_sampler_pairs[1].sampler_slot = 0;
            desc.label = "simple_shader";
        }
        return &desc;
    }
    return 0;
}
